date,open,high,low,prev. close,ltp,close,52w h,52w l,volume,value,price_range,gap_up,body,upper_shadow,lower_shadow,close_lag_1,high_lag_1,low_lag_1,volume_lag_1,close_lag_2,high_lag_2,low_lag_2,volume_lag_2,close_lag_3,high_lag_3,low_lag_3,volume_lag_3,close_lag_5,high_lag_5,low_lag_5,volume_lag_5,close_ma_3,high_std_3,volume_ma_3,close_ma_5,high_std_5,volume_ma_5,close_ma_10,high_std_10,volume_ma_10,close_ma_20,high_std_20,volume_ma_20,rsi,pct_change_close,pct_change_high,pct_change_volume,close_to_high,low_to_close,volume_to_value,day_of_week,month,high_t_plus_1,high_t_plus_2,high_t_plus_3,high_t_plus_4,high_t_plus_5,high_t_plus_6,high_t_plus_7,high_t_plus_8,high_t_plus_9,high_t_plus_10,high_t_plus_11,high_t_plus_12,high_t_plus_13,high_t_plus_14,high_t_plus_15,high_t_plus_16,high_t_plus_17,high_t_plus_18,high_t_plus_19,high_t_plus_20
2025-01-24,511.0,544.5,510.4,522.4,531.0,532.3,692.4,510.4,142425,75171684.75,34.10000000000002,-11.399999999999977,21.299999999999955,12.200000000000045,0.6000000000000227,522.4,538.0,520.4,71567.0,530.5,559.0,527.0,92920.0,555.45,572.9,550.65,133688.0,572.4,576.15,555.6,173359.0,528.4,10.750968948581633,102304.0,540.87,17.620428485141723,123291.2,554.9950000000001,21.217189702900843,182807.7,597.095,47.24309884160751,429081.65,22.492970945103536,0.01895099540581935,0.012081784386617,0.9900931993796023,0.977594123046873,0.958857786960438,0.001894662870383519,4,1,523.05,520.2,515.85,575.0,590.0,586.0,553.75,551.7,549.75,545.5,520.0,428.65,378.8,379.3,374.35,371.0,362.15,347.7,353.7,360.85
2025-01-27,517.0,523.05,495.0,532.3,519.7,514.5,692.4,495.0,156797,79448940.25,28.049999999999955,-15.299999999999955,2.5,6.0499999999999545,19.5,532.3,544.5,510.4,142425.0,522.4,538.0,520.4,71567.0,530.5,559.0,527.0,92920.0,563.7,578.95,554.0,175856.0,523.0666666666666,10.99890146029895,123596.33333333333,531.03,19.199361968565306,119479.4,547.82,23.582941692860942,169433.1,591.01,48.777156808446634,299334.2,20.919590323413047,-0.03343978959233507,-0.039393939393939426,0.10090925048271027,0.9836535704024786,0.9620991253625616,0.0019735568467824844,0,1,520.2,515.85,575.0,590.0,586.0,553.75,551.7,549.75,545.5,520.0,428.65,378.8,379.3,374.35,371.0,362.15,347.7,353.7,360.85,365.8
2025-01-28,509.0,520.2,499.25,514.5,510.0,508.75,692.4,495.0,143161,72294607.65,20.950000000000045,-5.5,0.25,11.200000000000045,9.5,514.5,523.05,495.0,156797.0,532.3,544.5,510.4,142425.0,522.4,538.0,520.4,71567.0,555.45,572.9,550.65,133688.0,518.5166666666665,13.283542449212515,147461.0,521.6899999999999,15.95368296036962,121374.0,541.86,24.701808300877904,173270.3,584.5649999999999,50.748080337040705,272414.55,21.734208737585334,-0.011175898931001016,-0.005448809865213455,-0.08696594960362758,0.97798923490777,0.9813267813248524,0.0019802445113622524,1,1,515.85,575.0,590.0,586.0,553.75,551.7,549.75,545.5,520.0,428.65,378.8,379.3,374.35,371.0,362.15,347.7,353.7,360.85,365.8,350.85
2025-01-29,508.9,515.85,503.0,508.75,505.0,506.75,692.4,495.0,85607,43434499.9,12.850000000000023,0.14999999999997726,2.1499999999999773,6.9500000000000455,3.75,508.75,520.2,499.25,143161.0,514.5,523.05,495.0,156797.0,532.3,544.5,510.4,142425.0,530.5,559.0,527.0,92920.0,510.0,3.625948151866862,128521.66666666667,516.9399999999999,12.295354813911793,119911.4,538.51,27.1463809742659,163317.6,577.8925,52.87091150050978,257499.3,22.775800710230797,-0.0039312039312039415,-0.008362168396770508,-0.40202289729744833,0.9823592129475964,0.992599901330059,0.0019709447604345505,2,1,575.0,590.0,586.0,553.75,551.7,549.75,545.5,520.0,428.65,378.8,379.3,374.35,371.0,362.15,347.7,353.7,360.85,365.8,350.85,345.45
2025-01-30,512.95,575.0,507.7,506.75,543.7,545.5,692.4,495.0,430795,235976085.3,67.30000000000001,6.2000000000000455,32.549999999999955,29.5,5.250000000000057,506.75,515.85,503.0,85607.0,508.75,520.2,499.25,143161.0,514.5,523.05,495.0,156797.0,522.4,538.0,520.4,71567.0,520.3333333333334,32.966359115519076,219854.33333333334,521.56,24.57754564638194,191757.0,535.225,25.179034488593157,160617.5,572.7175,50.71100387956922,247327.6,35.839702538724424,0.07646768623581646,0.11466511582824457,4.032240354176644,0.9486956521722631,0.9307057745170839,0.0018255875355009967,3,1,590.0,586.0,553.75,551.7,549.75,545.5,520.0,428.65,378.8,379.3,374.35,371.0,362.15,347.7,353.7,360.85,365.8,350.85,345.45,336.9
2025-01-31,555.5,590.0,534.05,545.5,572.95,575.6,692.4,495.0,327496,183923062.35,55.950000000000045,10.0,20.100000000000023,14.399999999999977,21.450000000000045,545.5,575.0,507.7,430795.0,506.75,515.85,503.0,85607.0,508.75,520.2,499.25,143161.0,532.3,544.5,510.4,142425.0,542.6166666666667,39.20447465957655,281299.3333333333,530.22,34.89771840679548,228771.2,535.545,27.06551157223253,176031.2,568.3925,44.584651816870554,213131.15,47.82074892298142,0.05517873510540783,0.026086956521739202,-0.23978690560475402,0.9755932203373295,0.9278144544806673,0.0017806141101369063,4,1,586.0,553.75,551.7,549.75,545.5,520.0,428.65,378.8,379.3,374.35,371.0,362.15,347.7,353.7,360.85,365.8,350.85,345.45,336.9,332.8
2025-02-01,566.95,586.0,552.25,575.6,559.0,565.3,692.4,495.0,94155,53325484.7,33.75,-8.649999999999977,1.650000000000091,19.049999999999955,13.049999999999955,575.6,590.0,534.05,327496.0,545.5,575.0,507.7,430795.0,506.75,515.85,503.0,85607.0,514.5,523.05,495.0,156797.0,562.1333333333333,7.7674534651577805,284148.6666666667,540.38,36.403028720149045,216242.8,535.705,27.930867035115828,167861.1,564.1725,40.96193965133975,198532.0,49.35586060954177,-0.017894371091035532,-0.006779661016949157,-0.712500305347241,0.9646757679164425,0.9769149124341467,0.0017656660887322418,5,2,553.75,551.7,549.75,545.5,520.0,428.65,378.8,379.3,374.35,371.0,362.15,347.7,353.7,360.85,365.8,350.85,345.45,336.9,332.8,327.2
2025-02-03,549.9,553.75,538.6,565.3,541.5,545.1,692.4,495.0,70245,38349260.95,15.149999999999977,-15.399999999999977,4.7999999999999545,3.8500000000000227,6.5,565.3,586.0,552.25,94155.0,575.6,590.0,534.05,327496.0,545.5,575.0,507.7,430795.0,508.75,520.2,499.25,143161.0,562.0,19.875131026823137,163965.33333333334,547.65,30.431944564881146,201659.6,534.6700000000001,27.01443081432974,161516.8,559.03,37.18587477651609,184686.55,51.05964605324521,-0.03573323898814773,-0.05503412969283272,-0.25394296638521585,0.9843792325038657,0.988075582460121,0.00183171717680781,0,2,551.7,549.75,545.5,520.0,428.65,378.8,379.3,374.35,371.0,362.15,347.7,353.7,360.85,365.8,350.85,345.45,336.9,332.8,327.2,321.3
2025-02-04,545.0,551.7,525.2,545.1,544.35,545.9,692.4,495.0,162653,88023380.85,26.5,-0.10000000000002274,0.8999999999999773,5.800000000000068,19.799999999999955,545.1,553.75,538.6,70245.0,565.3,586.0,552.25,94155.0,575.6,590.0,534.05,327496.0,506.75,515.85,503.0,85607.0,552.1,19.238654665370465,109017.66666666667,555.48,17.82997476161987,217068.8,536.21,26.85845045997808,168490.1,554.6450000000001,33.51811872547047,183877.5,41.52962672627817,0.001467620620069665,-0.0037020316027087663,1.3155100007117944,0.9894870400562089,0.9620809672083495,0.0018478385904896768,1,2,549.75,545.5,520.0,428.65,378.8,379.3,374.35,371.0,362.15,347.7,353.7,360.85,365.8,350.85,345.45,336.9,332.8,327.2,321.3,328.45
2025-02-05,545.9,549.75,536.3,545.9,538.5,540.2,692.4,495.0,100375,54400067.75,13.450000000000045,0.0,5.699999999999932,3.8500000000000227,3.900000000000091,545.9,551.7,525.2,162653.0,545.1,553.75,538.6,70245.0,565.3,586.0,552.25,94155.0,545.5,575.0,507.7,430795.0,543.7333333333332,2.0002083224938483,111091.0,554.4200000000001,19.964512265517566,150984.8,537.99,26.53975215491717,171370.9,550.58,30.327631464774072,181160.4,41.58389963103936,-0.010441472797215523,-0.0035345296356716904,-0.3828887263069233,0.9826284674834332,0.9927804516827233,0.001845126378542056,2,2,545.5,520.0,428.65,378.8,379.3,374.35,371.0,362.15,347.7,353.7,360.85,365.8,350.85,345.45,336.9,332.8,327.2,321.3,328.45,344.85
2025-02-06,540.0,545.5,531.45,540.2,541.95,541.85,692.4,495.0,58980,31874287.45,14.049999999999955,-0.20000000000004547,1.8500000000000227,3.6499999999999773,8.549999999999955,540.2,549.75,536.3,100375.0,545.9,551.7,525.2,162653.0,545.1,553.75,538.6,70245.0,575.6,590.0,534.05,327496.0,542.65,3.1703049275064856,107336.0,547.67,16.308640347987343,97281.6,538.9449999999999,26.514494987542772,163026.4,546.97,26.013497887989164,172917.05,44.07055630601363,0.003054424287300961,-0.0077307867212369485,-0.41240348692403483,0.9933088909239354,0.9808064962609934,0.0018503943058341215,3,2,520.0,428.65,378.8,379.3,374.35,371.0,362.15,347.7,353.7,360.85,365.8,350.85,345.45,336.9,332.8,327.2,321.3,328.45,344.85,354.5
2025-02-07,520.0,520.0,433.5,541.85,433.5,433.5,692.4,433.5,537694,236034210.85,86.5,-21.850000000000023,86.5,0.0,0.0,541.85,545.5,531.45,58980.0,540.2,549.75,536.3,100375.0,545.9,551.7,525.2,162653.0,565.3,586.0,552.25,94155.0,505.1833333333334,16.09024031310173,232349.66666666666,521.3100000000001,13.834440718727997,185989.4,530.845,26.887670139964555,201116.1,539.3325,25.71418562010583,185274.6,28.556356601372272,-0.19996308941589003,-0.04674610449129235,8.116547982366905,0.833653846152243,0.9999999999976932,0.002278034180145628,4,2,428.65,378.8,379.3,374.35,371.0,362.15,347.7,353.7,360.85,365.8,350.85,345.45,336.9,332.8,327.2,321.3,328.45,344.85,354.5,352.85
2025-02-10,413.7,428.65,351.5,433.5,356.0,356.35,692.4,351.5,2169412,816484322.25,77.14999999999998,-19.80000000000001,57.349999999999966,14.949999999999989,4.850000000000023,433.5,520.0,433.5,537694.0,541.85,545.5,531.45,58980.0,540.2,549.75,536.3,100375.0,545.1,553.75,538.6,70245.0,443.90000000000003,61.43966552643329,922028.6666666666,483.56000000000006,52.156382639136304,605822.8,515.6049999999999,46.72385305648957,403741.2,528.7325,37.29405766126955,288505.75,24.127172781643793,-0.17797001153402536,-0.175673076923077,3.0346591183833187,0.831330922662239,0.9863897853206499,0.00265701611271814,0,2,378.8,379.3,374.35,371.0,362.15,347.7,353.7,360.85,365.8,350.85,345.45,336.9,332.8,327.2,321.3,328.45,344.85,354.5,352.85,327.0
2025-02-11,362.0,378.8,361.0,356.35,369.95,372.4,692.4,351.5,1720274,635338617.05,17.80000000000001,5.649999999999977,10.399999999999977,6.400000000000034,1.0,356.35,428.65,351.5,2169412.0,433.5,520.0,433.5,537694.0,541.85,545.5,531.45,58980.0,545.9,551.7,525.2,162653.0,387.4166666666667,71.60922310242773,1475793.3333333333,448.86,76.69830017673142,917347.0,502.16999999999996,69.61485733025023,567207.9,520.34,52.870456069528935,365262.75,28.229317850812137,0.04503998877508053,-0.11629534585326018,-0.20703213589673142,0.9831045406521036,0.9693877550994379,0.002707649045461088,1,2,379.3,374.35,371.0,362.15,347.7,353.7,360.85,365.8,350.85,345.45,336.9,332.8,327.2,321.3,328.45,344.85,354.5,352.85,327.0,324.85
2025-02-12,377.0,379.3,351.05,372.4,353.0,353.4,692.4,351.05,710592,258838760.2,28.25,4.600000000000023,23.600000000000023,2.3000000000000114,2.349999999999966,372.4,378.8,361.0,1720274.0,356.35,428.65,351.5,2169412.0,433.5,520.0,433.5,537694.0,540.2,549.75,536.3,100375.0,360.7166666666667,28.63766459286136,1533426.0,411.5,78.33101237696344,1039390.4,482.9599999999999,81.41500493015866,595187.6,509.09250000000003,62.48695963959188,377902.55,24.703054297664465,-0.05102040816326536,0.0013199577613516311,-0.5869309191442759,0.9317163195335308,0.9933503112592154,0.0027453075399176633,2,2,374.35,371.0,362.15,347.7,353.7,360.85,365.8,350.85,345.45,336.9,332.8,327.2,321.3,328.45,344.85,354.5,352.85,327.0,324.85,322.0
2025-02-13,357.95,374.35,355.0,353.4,360.5,360.9,692.4,351.05,184723,67406555.7,19.350000000000023,4.550000000000011,2.9499999999999886,13.450000000000045,2.9499999999999886,353.4,379.3,351.05,710592.0,372.4,378.8,361.0,1720274.0,356.35,428.65,351.5,2169412.0,541.85,545.5,531.45,58980.0,362.2333333333333,2.7250382260089157,871863.0,375.31000000000006,62.13137894816112,1064539.0,461.49000000000007,85.82427525020063,580910.3,498.51750000000004,70.33281384920801,378470.75,27.62889600819456,0.021222410865874286,-0.013050355918797774,-0.7400435130145007,0.9640710564953543,0.9836519811554901,0.002740430779791349,3,2,371.0,362.15,347.7,353.7,360.85,365.8,350.85,345.45,336.9,332.8,327.2,321.3,328.45,344.85,354.5,352.85,327.0,324.85,322.0,319.45
2025-02-14,371.0,371.0,351.0,360.9,352.9,353.65,692.4,351.0,194549,69477180.75,20.0,10.100000000000023,17.350000000000023,0.0,2.6499999999999773,360.9,374.35,355.0,184723.0,353.4,379.3,351.05,710592.0,372.4,378.8,361.0,1720274.0,433.5,520.0,433.5,537694.0,355.9833333333333,4.175623705892045,363288.0,359.34000000000003,23.851587997447904,995910.0,440.325,85.13398329169785,590949.7,488.015,76.17307180638723,379405.4,27.508700694938724,-0.020088667220836798,-0.008948844664084521,0.05319315948744885,0.9532345013451395,0.9925067156765376,0.0028001855846748647,4,2,362.15,347.7,353.7,360.85,365.8,350.85,345.45,336.9,332.8,327.2,321.3,328.45,344.85,354.5,352.85,327.0,324.85,322.0,319.45,313.4
2025-02-17,353.65,362.15,339.0,353.65,341.8,340.7,692.4,339.0,161547,56288627.8,23.149999999999977,0.0,12.949999999999989,8.5,1.6999999999999886,353.65,371.0,351.0,194549.0,360.9,374.35,355.0,184723.0,353.4,379.3,351.05,710592.0,356.35,428.65,351.5,2169412.0,351.75,6.303239907635006,180273.0,356.21,7.014324628929145,594337.0,419.88500000000005,84.56946914289512,600079.9,477.2775,81.25607098776305,380798.35,26.661981727692847,-0.03661812526509256,-0.023854447439353166,-0.16963335714909866,0.940770399003339,0.9950102729644996,0.002869975807084784,0,2,347.7,353.7,360.85,365.8,350.85,345.45,336.9,332.8,327.2,321.3,328.45,344.85,354.5,352.85,327.0,324.85,322.0,319.45,313.4,335.2
2025-02-18,346.95,347.7,325.0,340.7,331.0,333.0,692.4,325.0,100546,33758819.5,22.69999999999999,6.25,13.949999999999989,0.75,8.0,340.7,362.15,339.0,161547.0,353.65,371.0,351.0,194549.0,360.9,374.35,355.0,184723.0,372.4,378.8,361.0,1720274.0,342.45,11.761625454553176,152214.0,348.33000000000004,12.42250981082333,270391.4,398.59499999999997,80.79171849749055,593869.2,467.4025,86.51849190080371,381179.65,17.27748691024979,-0.022600528324038693,-0.03990059367665333,-0.3776052789590646,0.957722174285425,0.9759759759730452,0.0029783624394804447,1,2,353.7,360.85,365.8,350.85,345.45,336.9,332.8,327.2,321.3,328.45,344.85,354.5,352.85,327.0,324.85,322.0,319.45,313.4,335.2,327.8
2025-02-19,332.4,353.7,330.1,333.0,352.5,351.35,692.4,325.0,139494,47952640.45,23.599999999999966,-0.6000000000000227,18.950000000000045,2.349999999999966,2.2999999999999545,333.0,347.7,325.0,100546.0,340.7,362.15,339.0,161547.0,353.65,371.0,351.0,194549.0,353.4,379.3,351.05,710592.0,341.68333333333334,7.259533961156651,133862.33333333334,347.91999999999996,11.25481008280466,156171.8,379.71000000000004,70.47899233893098,597781.1,458.85,90.6044504469258,384576.0,14.171592905581065,0.055105105105105245,0.01725625539257991,0.3873649871700515,0.9933559513684102,0.9395189981473189,0.00290899518130706,2,2,360.85,365.8,350.85,345.45,336.9,332.8,327.2,321.3,328.45,344.85,354.5,352.85,327.0,324.85,322.0,319.45,313.4,335.2,327.8,335.0
2025-02-20,349.75,360.85,345.45,351.35,357.4,355.35,692.4,325.0,71641,25465239.6,15.400000000000034,-1.6000000000000227,5.600000000000023,5.5,4.300000000000011,351.35,353.7,330.1,139494.0,333.0,347.7,325.0,100546.0,340.7,362.15,339.0,161547.0,360.9,374.35,355.0,184723.0,346.56666666666666,6.583375527279813,103893.66666666667,346.81,8.847217076572782,133555.4,361.06,51.550164349344456,599047.2,450.00250000000005,92.84700644212022,381036.8,15.767161258044197,0.01138465917176612,0.020214871359909514,-0.4864223550833727,0.9847582097797292,0.972140143517737,0.0028132859193675127,3,2,365.8,350.85,345.45,336.9,332.8,327.2,321.3,328.45,344.85,354.5,352.85,327.0,324.85,322.0,319.45,313.4,335.2,327.8,335.0,366.9
2025-02-21,355.3,365.8,350.05,355.35,352.85,351.7,692.4,325.0,74889,26713885.0,15.75,-0.05000000000001137,3.6000000000000227,10.5,1.6499999999999773,355.35,360.85,345.45,71641.0,351.35,353.7,330.1,139494.0,333.0,347.7,325.0,100546.0,353.65,371.0,351.0,194549.0,352.8,6.083242008435397,95341.33333333333,346.41999999999996,7.2587361158813986,109623.4,352.88,22.360458651626352,552766.7,441.8625,94.70119695097482,376941.4,16.666666665862323,-0.010271563247502558,0.013717611195787738,0.04533716726455528,0.9614543466348784,0.9953085015610029,0.00280337360140616,4,2,350.85,345.45,336.9,332.8,327.2,321.3,328.45,344.85,354.5,352.85,327.0,324.85,322.0,319.45,313.4,335.2,327.8,335.0,366.9,363.05
2025-02-24,350.05,350.85,339.0,351.7,339.25,339.5,692.4,325.0,60898,20766397.7,11.850000000000023,-1.6499999999999773,10.550000000000011,0.8000000000000114,0.5,351.7,365.8,350.05,74889.0,355.35,360.85,345.45,71641.0,351.35,353.7,330.1,139494.0,340.7,362.15,339.0,161547.0,348.8500000000001,7.615827816671795,69142.66666666667,346.18,7.416586141884986,89493.6,351.195,11.394516224920693,341915.3,433.4,96.72604436187125,372828.25,15.77114427787464,-0.03468865510378161,-0.04086932750136685,-0.18682316495079387,0.9676499928716897,0.9985272459469853,0.0029325259431008588,0,2,345.45,336.9,332.8,327.2,321.3,328.45,344.85,354.5,352.85,327.0,324.85,322.0,319.45,313.4,335.2,327.8,335.0,366.9,363.05,332.55
2025-02-25,340.0,345.45,332.0,339.5,334.8,334.8,692.4,325.0,51989,17509959.65,13.449999999999989,0.5,5.199999999999989,5.449999999999989,2.8000000000000114,339.5,350.85,339.0,60898.0,351.7,365.8,350.05,74889.0,355.35,360.85,345.45,71641.0,333.0,347.7,325.0,100546.0,342.0,10.54186099951932,62592.0,346.54,8.068968335543298,79782.2,347.435,11.606369180563595,175086.8,424.80249999999995,98.39224014653072,371147.35,15.823627287116352,-0.013843888070692145,-0.0153911928174435,-0.14629380275214288,0.9691706469793917,0.9916367980854491,0.002969110211513252,1,2,336.9,332.8,327.2,321.3,328.45,344.85,354.5,352.85,327.0,324.85,322.0,319.45,313.4,335.2,327.8,335.0,366.9,363.05,332.55,320.05
2025-02-27,334.8,336.9,327.05,334.8,330.05,330.15,692.4,325.0,67336,22256811.95,9.849999999999966,0.0,4.650000000000034,2.099999999999966,3.099999999999966,334.8,345.45,332.0,51989.0,339.5,350.85,339.0,60898.0,351.7,365.8,350.05,74889.0,351.35,353.7,330.1,139494.0,334.81666666666666,7.034024452604772,60074.333333333336,342.3,11.629628110993053,65350.6,345.11,11.964142027091846,110761.2,414.03499999999997,96.15220883140351,352974.4,15.123558483651635,-0.01388888888888895,-0.02475032566217983,0.2951970609167325,0.9799643811190859,0.9906103286354973,0.003025410833827888,3,2,332.8,327.2,321.3,328.45,344.85,354.5,352.85,327.0,324.85,322.0,319.45,313.4,335.2,327.8,335.0,366.9,363.05,332.55,320.05,318.0
2025-02-28,327.0,332.8,320.95,330.15,323.15,322.1,692.4,320.95,83553,27109065.1,11.850000000000023,-3.1499999999999773,4.899999999999977,5.800000000000011,1.150000000000034,330.15,336.9,327.05,67336.0,334.8,345.45,332.0,51989.0,339.5,350.85,339.0,60898.0,355.35,360.85,345.45,71641.0,329.01666666666665,6.454133042722896,67626.0,335.65,12.964056078249522,67733.0,341.23,12.426924174727441,100644.2,401.36,91.05883869928876,340777.25,22.58858267560906,-0.024382856277449516,-0.012169783318492056,0.2408369965545918,0.9678485576893996,0.9964296802204394,0.003082105549999214,4,2,327.2,321.3,328.45,344.85,354.5,352.85,327.0,324.85,322.0,319.45,313.4,335.2,327.8,335.0,366.9,363.05,332.55,320.05,318.0,326.3
2025-03-03,318.0,327.2,302.1,322.1,308.5,310.9,692.4,302.1,144177,44680272.95,25.099999999999966,-4.100000000000023,7.100000000000023,9.199999999999989,8.799999999999955,322.1,332.8,320.95,83553.0,330.15,336.9,327.05,67336.0,334.8,345.45,332.0,51989.0,351.7,365.8,350.05,74889.0,321.05,4.869291529558182,98355.33333333333,327.49,9.532405257855784,81590.6,336.95500000000004,12.974864589316235,95607.0,388.64,84.33020873484828,343278.35,33.442622947408395,-0.03477180999689555,-0.016826923076923128,0.7255753832896485,0.9501833740802256,0.9716950788003486,0.0032268603229291593,0,3,321.3,328.45,344.85,354.5,352.85,327.0,324.85,322.0,319.45,313.4,335.2,327.8,335.0,366.9,363.05,332.55,320.05,318.0,326.3,321.9
2025-03-04,307.0,321.3,304.7,310.9,317.45,318.9,692.4,302.1,57006,17966667.3,16.600000000000023,-3.8999999999999773,11.899999999999977,2.400000000000034,2.3000000000000114,310.9,327.2,302.1,144177.0,322.1,332.8,320.95,83553.0,330.15,336.9,327.05,67336.0,339.5,350.85,339.0,60898.0,317.29999999999995,5.750652136916401,94912.0,323.37,9.22521002470922,80812.2,334.775,14.486381535772887,85152.9,377.33,78.85330963751231,342616.4,29.29566563150047,0.025731746542296596,-0.018031784841075704,-0.6046109989804199,0.9925303454684328,0.9554719347727957,0.0031728755838875025,1,3,328.45,344.85,354.5,352.85,327.0,324.85,322.0,319.45,313.4,335.2,327.8,335.0,366.9,363.05,332.55,320.05,318.0,326.3,321.9,324.8
2025-03-05,320.0,328.45,319.1,318.9,327.4,326.95,692.4,302.1,46971,15287603.6,9.349999999999966,1.1000000000000227,6.949999999999989,1.5,0.8999999999999773,318.9,321.3,304.7,57006.0,310.9,327.2,302.1,144177.0,322.1,332.8,320.95,83553.0,334.8,345.45,332.0,51989.0,318.9166666666667,3.818703968602357,82718.0,321.8,5.897838587143196,79808.6,334.17,15.237275201148577,79795.4,366.3825,70.93538479341171,336832.3,38.816067648681404,0.025243022891188405,0.022253345782757394,-0.17603410167350808,0.9954330948363665,0.9759902125677444,0.003072489399188765,2,3,344.85,354.5,352.85,327.0,324.85,322.0,319.45,313.4,335.2,327.8,335.0,366.9,363.05,332.55,320.05,318.0,326.3,321.9,324.8,321.95
2025-03-06,338.0,344.85,333.7,326.95,342.0,342.2,692.4,302.1,68050,23082803.45,11.150000000000034,11.050000000000011,4.199999999999989,2.650000000000034,4.300000000000011,326.95,328.45,319.1,46971.0,318.9,321.3,304.7,57006.0,310.9,327.2,302.1,144177.0,330.15,336.9,327.05,67336.0,329.34999999999997,12.073973386303273,57342.333333333336,324.21,8.804302925274405,79951.4,333.255,14.752823646866302,72651.0,356.4825,59.63725963558361,335216.05,42.57936507463405,0.04664321761737278,0.04993149642259098,0.4487662600327862,0.9923154994896554,0.975160724719535,0.002948082114349936,3,3,354.5,352.85,327.0,324.85,322.0,319.45,313.4,335.2,327.8,335.0,366.9,363.05,332.55,320.05,318.0,326.3,321.9,324.8,321.95,294.95
2025-03-07,342.2,354.5,341.25,342.2,347.25,349.45,692.4,302.1,67386,23567983.65,13.25,0.0,7.25,5.050000000000011,0.9499999999999886,342.2,344.85,333.7,68050.0,326.95,328.45,319.1,46971.0,318.9,321.3,304.7,57006.0,322.1,332.8,320.95,83553.0,339.53333333333336,13.169946848785658,60802.333333333336,329.67999999999995,13.859716808073495,76718.0,332.66499999999996,13.938990079787931,72225.5,346.8625,43.911011686914264,335636.35,48.33333332796297,0.021186440677966045,0.027983181093228948,-0.00975753122703893,0.9857545839182348,0.9765345542968192,0.0028592178694930486,4,3,352.85,327.0,324.85,322.0,319.45,313.4,335.2,327.8,335.0,366.9,363.05,332.55,320.05,318.0,326.3,321.9,324.8,321.95,294.95,282.3
2025-03-10,351.0,352.85,324.0,349.45,326.0,325.5,692.4,302.1,75680,25280966.55,28.850000000000023,1.5500000000000114,25.5,1.8500000000000227,1.5,349.45,354.5,341.25,67386.0,342.2,344.85,333.7,68050.0,326.95,328.45,319.1,46971.0,310.9,327.2,302.1,144177.0,339.05,5.161475887106478,70372.0,332.6,14.842733912591509,63018.6,330.04499999999996,11.796187001644212,72304.6,341.4625,24.174385503536165,312535.65,44.45255473998296,-0.06853627128344542,-0.004654442877291887,0.1230819458047665,0.9224883094773345,0.9953917050660664,0.002993556431093019,0,3,327.0,324.85,322.0,319.45,313.4,335.2,327.8,335.0,366.9,363.05,332.55,320.05,318.0,326.3,321.9,324.8,321.95,294.95,282.3,273.95
2025-03-11,321.95,327.0,318.0,325.5,320.0,319.8,692.4,302.1,55330,17779696.75,9.0,-3.5500000000000114,2.1499999999999773,5.050000000000011,1.8000000000000114,325.5,352.85,324.0,75680.0,349.45,354.5,341.25,67386.0,342.2,344.85,333.7,68050.0,318.9,321.3,304.7,57006.0,331.5833333333333,15.422899640896782,66132.0,332.78,13.130051408886175,62683.4,328.075,11.660050504940374,71747.8,339.635,17.953211118726834,206831.55,45.11111110643293,-0.017511520737327202,-0.07326059231968263,-0.26889534883720934,0.9779816513731561,0.9943714821732509,0.003111976586439811,1,3,324.85,322.0,319.45,313.4,335.2,327.8,335.0,366.9,363.05,332.55,320.05,318.0,326.3,321.9,324.8,321.95,294.95,282.3,273.95,279.8
2025-03-12,321.5,324.85,315.2,319.8,316.0,316.8,692.4,302.1,55178,17584709.7,9.650000000000034,1.6999999999999886,4.699999999999989,3.3500000000000227,1.6000000000000227,319.8,327.0,318.0,55330.0,325.5,352.85,324.0,75680.0,349.45,354.5,341.25,67386.0,326.95,328.45,319.1,46971.0,320.7,15.582281604432263,62062.666666666664,330.75,14.090218238196094,64324.8,326.275,11.845069297671907,72066.7,336.85499999999996,17.57215407069098,123576.75,35.56205599249587,-0.009380863039399667,-0.006574923547400524,-0.0027471534429784894,0.9752193319963822,0.9949494949463543,0.0031378396880785584,2,3,322.0,319.45,313.4,335.2,327.8,335.0,366.9,363.05,332.55,320.05,318.0,326.3,321.9,324.8,321.95,294.95,282.3,273.95,279.8,302.55
2025-03-13,317.0,322.0,314.0,316.8,314.0,315.25,692.4,302.1,54410,17226233.75,8.0,0.19999999999998863,1.75,5.0,1.25,316.8,324.85,315.2,55178.0,319.8,327.0,318.0,55330.0,325.5,352.85,324.0,75680.0,342.2,344.85,333.7,68050.0,317.28333333333336,2.5081533711374595,54972.666666666664,325.36,16.02503510136546,61596.8,324.78499999999997,12.507890842716714,70774.1,334.9475,16.87348804142463,90767.65,32.89249146364766,-0.004892676767676796,-0.00877327997537336,-0.013918590742687309,0.9790372670777049,0.99603489293895,0.003158554608606771,3,3,319.45,313.4,335.2,327.8,335.0,366.9,363.05,332.55,320.05,318.0,326.3,321.9,324.8,321.95,294.95,282.3,273.95,279.8,302.55,301.5
2025-03-17,312.9,319.45,302.4,315.25,307.0,304.35,692.4,302.1,84347,25991126.7,17.05000000000001,-2.3500000000000227,8.549999999999955,6.550000000000011,1.9500000000000455,315.25,322.0,314.0,54410.0,316.8,324.85,315.2,55178.0,319.8,327.0,318.0,55330.0,349.45,354.5,341.25,67386.0,312.1333333333333,2.701388531813187,64645.0,316.34000000000003,13.509098785633242,64989.0,323.01,13.288475583501556,70853.5,332.12,16.343735923810577,85748.85,30.976295697600108,-0.03457573354480559,-0.007919254658385166,0.550211358206212,0.9527312568447247,0.9935929029045716,0.0032452229167887515,0,3,313.4,335.2,327.8,335.0,366.9,363.05,332.55,320.05,318.0,326.3,321.9,324.8,321.95,294.95,282.3,273.95,279.8,302.55,301.5,309.2
2025-03-18,313.4,313.4,302.8,304.35,306.0,304.75,692.4,302.1,89865,27589924.3,10.599999999999966,9.049999999999955,8.649999999999977,0.0,1.9499999999999886,304.35,319.45,302.4,84347.0,315.25,322.0,314.0,54410.0,316.8,324.85,315.2,55178.0,325.5,352.85,324.0,75680.0,308.1166666666667,4.417106896277271,76207.33333333333,312.19,5.277475722350596,67826.0,322.395,14.529243499461726,65422.3,329.675,16.127603624968494,80514.65,34.57612072362126,0.001314276326597641,-0.018938801064329325,0.06542022834244254,0.9723994894672229,0.9936013125480112,0.0032571673275667524,1,3,335.2,327.8,335.0,366.9,363.05,332.55,320.05,318.0,326.3,321.9,324.8,321.95,294.95,282.3,273.95,279.8,302.55,301.5,309.2,323.5
2025-03-19,306.95,335.2,306.45,304.75,319.4,319.15,692.4,302.1,229801,74078503.4,28.75,2.1999999999999886,12.199999999999989,16.05000000000001,0.5,304.75,313.4,302.8,89865.0,304.35,319.45,302.4,84347.0,315.25,322.0,314.0,54410.0,319.8,327.0,318.0,55330.0,309.4166666666667,11.253925241138989,134671.0,312.06000000000006,8.031547173490257,102720.2,322.42,14.173027003587773,82701.8,328.59749999999997,15.246344687028271,83927.35,43.604413562644346,0.047251845775225565,0.06955966815571157,1.5571802147665945,0.9521181384219806,0.9602067993076604,0.0031021280054639977,2,3,327.8,335.0,366.9,363.05,332.55,320.05,318.0,326.3,321.9,324.8,321.95,294.95,282.3,273.95,279.8,302.55,301.5,309.2,323.5,335.05
2025-03-20,322.4,327.8,318.1,319.15,319.2,319.7,692.4,302.1,134089,43106087.75,9.699999999999989,3.25,2.6999999999999886,5.400000000000034,1.599999999999966,319.15,335.2,306.45,229801.0,304.75,313.4,302.8,89865.0,304.35,319.45,302.4,84347.0,316.8,324.85,315.2,55178.0,314.5333333333333,11.08572655864958,151251.66666666666,312.64,8.306894726671283,118502.4,321.695,14.193891487380737,91413.6,327.9325,15.246859901041608,85604.5,45.58139534344068,0.0017233275889081412,-0.022076372315035786,-0.41649949303962996,0.9752898108573054,0.9949953080982329,0.003110674315369759,3,3,335.0,366.9,363.05,332.55,320.05,318.0,326.3,321.9,324.8,321.95,294.95,282.3,273.95,279.8,302.55,301.5,309.2,323.5,335.05,329.4
2025-03-21,321.8,335.0,320.05,319.7,333.5,333.55,692.4,302.1,92569,30664730.55,14.949999999999989,2.1000000000000227,11.75,1.4499999999999886,1.75,319.7,327.8,318.1,134089.0,319.15,335.2,306.45,229801.0,304.75,313.4,302.8,89865.0,315.25,322.0,314.0,54410.0,324.1333333333333,4.215843134315768,152153.0,316.3,9.622863399217428,126134.2,320.83000000000004,13.544647364261875,93865.5,327.04249999999996,14.750945553988291,83258.25,54.615074560543235,0.04332186424773221,0.021964612568639463,-0.3096450864724176,0.9956716417880727,0.9595263078969885,0.0030187449339906234,4,3,366.9,363.05,332.55,320.05,318.0,326.3,321.9,324.8,321.95,294.95,282.3,273.95,279.8,302.55,301.5,309.2,323.5,335.05,329.4,338.15
2025-03-24,338.0,366.9,335.7,333.55,357.0,361.1,692.4,302.1,289404,102792252.25,31.19999999999999,4.449999999999989,23.100000000000023,5.7999999999999545,2.3000000000000114,333.55,335.0,320.05,92569.0,319.7,327.8,318.1,134089.0,319.15,335.2,306.45,229801.0,304.35,319.45,302.4,84347.0,338.1166666666667,20.809693254182548,172020.66666666666,327.65,19.58233898184779,167145.6,321.995,16.21801895697721,116067.3,327.33000000000004,15.330984063924467,94146.4,67.87749287072448,0.08259631239694198,0.09522388059701492,2.1263597964761423,0.9841918778932022,0.9296593741320142,0.002815426198621891,0,3,363.05,332.55,320.05,318.0,326.3,321.9,324.8,321.95,294.95,282.3,273.95,279.8,302.55,301.5,309.2,323.5,335.05,329.4,338.15,397.65
2025-03-25,361.1,363.05,336.2,361.1,344.0,344.15,692.4,302.1,268863,92917927.6,26.850000000000023,0.0,16.950000000000045,1.9499999999999886,7.949999999999989,361.1,366.9,335.7,289404.0,333.55,335.0,320.05,92569.0,319.7,327.8,318.1,134089.0,304.75,313.4,302.8,89865.0,346.2666666666667,17.412806589782882,216945.33333333334,335.53000000000003,17.99688861998076,202945.2,323.86,17.879582551676226,135385.6,326.9525,15.065607399493532,103845.1,58.45329761755376,-0.0469399058432568,-0.010493322431180063,-0.07097690425840697,0.9479410549484976,0.9768996077263493,0.002893553557903502,1,3,332.55,320.05,318.0,326.3,321.9,324.8,321.95,294.95,282.3,273.95,279.8,302.55,301.5,309.2,323.5,335.05,329.4,338.15,397.65,397.8
2025-03-26,332.55,332.55,310.1,344.15,311.5,313.1,692.4,302.1,424115,134438279.2,22.44999999999999,-11.599999999999966,19.44999999999999,0.0,3.0,344.15,363.05,336.2,268863.0,361.1,366.9,335.7,289404.0,333.55,335.0,320.05,92569.0,319.15,335.2,306.45,229801.0,339.45,18.81929417733792,327460.6666666667,334.32,18.4135615783583,241808.0,323.19,17.7422158205283,172264.1,325.6325,14.698813951432667,122005.95,45.98201334120251,-0.09022228679354916,-0.08401046687784053,0.5774390674804639,0.9415125545002511,0.9904183966752143,0.003154719046716272,2,3,320.05,318.0,326.3,321.9,324.8,321.95,294.95,282.3,273.95,279.8,302.55,301.5,309.2,323.5,335.05,329.4,338.15,397.65,397.8,388.65
2025-03-27,313.2,320.05,311.0,313.1,311.6,311.75,692.4,302.1,260642,81691062.85,9.050000000000011,0.0999999999999659,1.4499999999999886,6.850000000000023,0.75,313.1,332.55,310.1,424115.0,344.15,363.05,336.2,268863.0,361.1,366.9,335.7,289404.0,319.7,327.8,318.1,134089.0,323.0,22.118996360590877,317873.3333333333,332.73,20.443929416821838,267118.6,322.685,18.079589474198198,192810.5,324.48,14.896660699629413,132438.6,40.39129062438954,-0.004311721494730136,-0.037588332581566686,-0.3854449854402697,0.9740665520981907,0.9975942261395426,0.0031905815753503815,3,3,318.0,326.3,321.9,324.8,321.95,294.95,282.3,273.95,279.8,302.55,301.5,309.2,323.5,335.05,329.4,338.15,397.65,397.8,388.65,400.65
2025-03-28,315.25,318.0,307.0,311.75,307.5,309.05,692.4,302.1,219836,68527330.3,11.0,3.5,6.199999999999989,2.75,2.0500000000000114,311.75,320.05,311.0,260642.0,313.1,332.55,310.1,424115.0,344.15,363.05,336.2,268863.0,333.55,335.0,320.05,92569.0,311.3,7.875648121465779,301531.0,327.83,23.411306029352453,292572.0,322.065,18.40460087405636,209353.1,323.425,15.316929058703531,140063.6,36.874593888783345,-0.00866078588612662,-0.006405249179815664,-0.15655957213342442,0.9718553459088936,0.9933667691279943,0.0032080047338426667,4,3,326.3,321.9,324.8,321.95,294.95,282.3,273.95,279.8,302.55,301.5,309.2,323.5,335.05,329.4,338.15,397.65,397.8,388.65,400.65,393.75
2025-04-01,315.0,326.3,309.1,309.05,313.1,311.75,692.4,302.1,360498,114263777.45,17.19999999999999,5.949999999999989,3.25,11.300000000000011,2.6499999999999773,309.05,318.0,307.0,219836.0,311.75,320.05,311.0,260642.0,313.1,332.55,310.1,424115.0,361.1,366.9,335.7,289404.0,310.84999999999997,4.32348239267969,280325.3333333333,317.96,18.273594337184928,306790.8,322.805,17.96057797263478,236968.2,322.9075,15.398180856324986,153910.85,44.817188084225855,0.008736450412554664,0.02610062893081766,0.6398497061445805,0.9554091326970413,0.9914995990345101,0.0031549630866855257,1,4,321.9,324.8,321.95,294.95,282.3,273.95,279.8,302.55,301.5,309.2,323.5,335.05,329.4,338.15,397.65,397.8,388.65,400.65,393.75,397.0
2025-04-02,317.9,321.9,312.55,311.75,320.0,319.65,692.4,302.1,66778,21281359.85,9.349999999999966,6.149999999999977,1.75,2.25,5.349999999999966,311.75,326.3,309.1,360498.0,309.05,318.0,307.0,219836.0,311.75,320.05,311.0,260642.0,344.15,363.05,336.2,268863.0,313.48333333333335,4.152509281524293,215704.0,313.06000000000006,5.7904447152182845,266373.8,324.29499999999996,17.06536860297889,234659.5,323.34499999999997,15.548755238718206,150040.9,49.9443826422008,0.025340817963111384,-0.013484523444682872,-0.8147618017298293,0.9930102516278565,0.9777882058470898,0.003137863391751256,2,4,324.8,321.95,294.95,282.3,273.95,279.8,302.55,301.5,309.2,323.5,335.05,329.4,338.15,397.65,397.8,388.65,400.65,393.75,397.0,412.25
2025-04-03,315.6,324.8,315.6,319.65,324.0,322.85,692.4,302.1,57523,18501609.0,9.199999999999989,-4.0499999999999545,7.25,1.9499999999999886,0.0,319.65,321.9,312.55,66778.0,311.75,326.3,309.1,360498.0,309.05,318.0,307.0,219836.0,313.1,332.55,310.1,424115.0,318.0833333333333,2.236813209266286,161599.66666666666,315.01,3.3882886535830603,193055.4,324.665,17.344436347780363,217431.7,323.5425,15.43212558268895,150066.75,52.23991113860527,0.010010949475989461,0.009009009009009139,-0.13859354877354813,0.993996305415659,0.977543750964914,0.0031090809453383217,3,4,321.95,294.95,282.3,273.95,279.8,302.55,301.5,309.2,323.5,335.05,329.4,338.15,397.65,397.8,388.65,400.65,393.75,397.0,412.25,405.8
2025-04-04,318.05,321.95,304.15,322.85,309.8,308.2,692.4,302.1,119467,36967723.05,17.80000000000001,-4.800000000000011,9.850000000000023,3.8999999999999773,4.050000000000011,322.85,324.8,315.6,57523.0,319.65,321.9,312.55,66778.0,311.75,326.3,309.1,360498.0,311.75,320.05,311.0,260642.0,316.90000000000003,1.6600702795804254,81256.0,314.3,3.18598493405095,164820.4,323.515,17.658913393020672,215969.5,322.605,15.599311725703544,153691.55,47.620654737315625,-0.045377110113055674,-0.008774630541871997,1.0768562140361246,0.9572915048890906,0.986859182345922,0.0032316569737989315,4,4,294.95,282.3,273.95,279.8,302.55,301.5,309.2,323.5,335.05,329.4,338.15,397.65,397.8,388.65,400.65,393.75,397.0,412.25,405.8,415.0
2025-04-07,292.05,294.95,264.0,308.2,266.0,265.45,692.4,264.0,463802,125899255.05,30.94999999999999,-16.149999999999977,26.600000000000023,2.8999999999999773,1.4499999999999886,308.2,321.95,304.15,119467.0,322.85,324.8,315.6,57523.0,319.65,321.9,312.55,66778.0,309.05,318.0,307.0,219836.0,298.8333333333333,16.472932343690378,213597.33333333334,305.58000000000004,13.011946433950639,213613.6,316.705,21.327973936176075,253092.8,318.7675,17.424102332836107,173479.15,39.19444444139598,-0.13870863075924722,-0.08386395403012892,2.882260373157441,0.8999830479711817,0.9945375776945017,0.0036839137754691585,0,4,282.3,273.95,279.8,302.55,301.5,309.2,323.5,335.05,329.4,338.15,397.65,397.8,388.65,400.65,393.75,397.0,412.25,405.8,415.0,401.85
2025-04-08,280.9,282.3,270.0,265.45,273.0,271.6,692.4,264.0,245599,67590956.25,12.300000000000011,15.449999999999989,9.299999999999955,1.400000000000034,1.6000000000000227,265.45,294.95,264.0,463802.0,308.2,321.95,304.15,119467.0,322.85,324.8,315.6,57523.0,311.75,326.3,309.1,360498.0,281.75,20.253168476391846,276289.3333333333,297.55,19.325391328508772,190633.8,307.755,21.422522545727624,248712.3,314.875,19.46769996956864,182389.8,41.07671601305479,0.023168204935016146,-0.04288862519071024,-0.4704658453391749,0.9620970598619835,0.9941089837960452,0.0036336074177083415,1,4,273.95,279.8,302.55,301.5,309.2,323.5,335.05,329.4,338.15,397.65,397.8,388.65,400.65,393.75,397.0,412.25,405.8,415.0,401.85,424.95
2025-04-09,273.95,273.95,253.15,271.6,254.0,254.2,692.4,253.15,257542,66285708.45,20.799999999999983,2.349999999999966,19.75,0.0,1.049999999999983,271.6,282.3,270.0,245599.0,265.45,294.95,264.0,463802.0,308.2,321.95,304.15,119467.0,319.65,321.9,312.55,66778.0,263.75,10.573118429918825,322314.3333333333,284.46,22.98584890753449,228786.6,298.76,20.297745496044886,247580.2,311.31,21.714804554542575,191482.9,32.79470198432253,-0.06406480117820335,-0.029578462628409574,0.04862804815980515,0.9279065522871769,0.9958693941738952,0.003885332238611685,2,4,279.8,302.55,301.5,309.2,323.5,335.05,329.4,338.15,397.65,397.8,388.65,400.65,393.75,397.0,412.25,405.8,415.0,401.85,424.95,434.55
2025-04-11,265.0,279.8,256.0,254.2,275.65,276.6,692.4,253.15,909394,244001463.05,23.80000000000001,10.800000000000011,11.600000000000023,3.1999999999999886,9.0,254.2,273.95,253.15,257542.0,271.6,282.3,270.0,245599.0,265.45,294.95,264.0,463802.0,322.85,324.8,315.6,57523.0,267.46666666666664,4.285537694745179,470845.0,275.21000000000004,19.134373519924985,399160.8,295.11,21.108134293047378,296108.1,309.15,23.683636367306942,234186.1,39.76733143135451,0.08811959087332832,0.021354261726592494,2.5310512460103594,0.9885632594675178,0.9255242227009199,0.0037270022426613477,4,4,302.55,301.5,309.2,323.5,335.05,329.4,338.15,397.65,397.8,388.65,400.65,393.75,397.0,412.25,405.8,415.0,401.85,424.95,434.55,444.0
2025-04-15,281.8,302.55,274.2,276.6,293.75,294.6,692.4,253.15,375144,108138432.2,28.350000000000023,5.199999999999989,12.800000000000011,7.949999999999989,7.600000000000023,276.6,279.8,256.0,909394.0,254.2,273.95,253.15,257542.0,271.6,282.3,270.0,245599.0,308.2,321.95,304.15,119467.0,275.1333333333333,15.109296255388355,514026.6666666667,272.49,11.71342178870067,450296.2,293.395,20.569273200577353,307558.3,308.04,23.97680842199685,250184.4,40.93131548045151,0.06507592190889366,0.0813080771979986,-0.5874791344565722,0.9737233515089284,0.9307535641516267,0.0034691089224058494,1,4,301.5,309.2,323.5,335.05,329.4,338.15,397.65,397.8,388.65,400.65,393.75,397.0,412.25,405.8,415.0,401.85,424.95,434.55,444.0,439.0
2025-04-16,294.75,301.5,285.7,294.6,295.2,296.3,692.4,253.15,230528,67625906.0,15.800000000000011,0.14999999999997726,1.5500000000000114,5.199999999999989,9.050000000000011,294.6,302.55,274.2,375144.0,276.6,279.8,256.0,909394.0,254.2,273.95,253.15,257542.0,265.45,294.95,264.0,463802.0,289.1666666666667,12.842345320583231,505022.0,278.65999999999997,13.144228771594298,403641.4,292.12,20.03422072355174,308627.5,307.09250000000003,24.28232192140225,258990.3,32.848067758285495,0.0057705363204343385,-0.003470500743678717,-0.3854946367261638,0.9827529021526278,0.964225447178656,0.003408871150650462,2,4,309.2,323.5,335.05,329.4,338.15,397.65,397.8,388.65,400.65,393.75,397.0,412.25,405.8,415.0,401.85,424.95,434.55,444.0,439.0,440.7
2025-04-17,298.0,309.2,298.0,296.3,308.0,306.0,692.4,253.15,333697,101702495.45,11.199999999999989,1.6999999999999886,8.0,3.1999999999999886,0.0,296.3,301.5,285.7,230528.0,294.6,302.55,274.2,375144.0,276.6,279.8,256.0,909394.0,271.6,282.3,270.0,245599.0,298.9666666666667,4.175623705881675,313123.0,285.54,15.509956479629661,421261.0,291.54499999999996,18.49516152943764,305947.4,307.175,24.359707213474284,271457.8,39.49903660581897,0.03273709078636511,0.02553897180762843,0.4475334883398112,0.9896507115103829,0.9738562091471443,0.003281109264069685,3,4,323.5,335.05,329.4,338.15,397.65,397.8,388.65,400.65,393.75,397.0,412.25,405.8,415.0,401.85,424.95,434.55,444.0,439.0,440.7,444.0
2025-04-21,305.0,323.5,305.0,306.0,322.2,320.3,692.4,253.15,178020,55954681.3,18.5,-1.0,15.300000000000011,3.1999999999999886,0.0,306.0,309.2,298.0,333697.0,296.3,301.5,285.7,230528.0,294.6,302.55,274.2,375144.0,254.2,273.95,253.15,257542.0,307.53333333333336,11.163780721592422,247415.0,298.76000000000005,15.802705464571693,405356.6,291.61,18.6990641477051,317071.6,307.9525,24.373669329397714,275865.55,52.18314129332587,0.046732026143790906,0.04624838292367395,-0.46652202447130175,0.9901081916507262,0.9522322822324314,0.0031815032426965144,0,4,335.05,329.4,338.15,397.65,397.8,388.65,400.65,393.75,397.0,412.25,405.8,415.0,401.85,424.95,434.55,444.0,439.0,440.7,444.0,445.7
2025-04-22,326.9,335.05,320.1,320.3,323.05,323.05,692.4,253.15,199591,64887301.4,14.949999999999989,6.599999999999966,3.849999999999966,8.150000000000034,2.9499999999999886,320.3,323.5,305.0,178020.0,306.0,309.2,298.0,333697.0,296.3,301.5,285.7,230528.0,276.6,279.8,256.0,909394.0,316.45,12.949356483360466,237102.66666666666,308.05000000000007,14.51806633129918,263396.0,291.63,20.330945898090953,331278.4,308.14750000000004,24.368140870274853,274355.05,53.39747443928103,0.008585700905401117,0.03570324574961359,0.12117177845185934,0.9641844500791996,0.9908682866398674,0.0030759639512454745,1,4,329.4,338.15,397.65,397.8,388.65,400.65,393.75,397.0,412.25,405.8,415.0,401.85,424.95,434.55,444.0,439.0,440.7,444.0,445.7,442.8
2025-04-23,326.0,329.4,316.95,323.05,323.5,323.0,692.4,253.15,139076,44752790.55,12.449999999999989,2.9499999999999886,3.0,3.3999999999999773,6.050000000000011,323.05,335.05,320.1,199591.0,320.3,323.5,305.0,178020.0,306.0,309.2,298.0,333697.0,294.6,302.55,274.2,375144.0,322.1166666666666,5.775450920331711,172229.0,313.73,14.014617369018737,216182.4,293.11,21.240046034685182,333239.3,308.3125,24.40441666238827,274604.4,54.26214481662284,-0.00015477480266212762,-0.016863154753022025,-0.3031950338442114,0.9805707346661185,0.9812693498421633,0.0031076497865449868,2,4,338.15,397.65,397.8,388.65,400.65,393.75,397.0,412.25,405.8,415.0,401.85,424.95,434.55,444.0,439.0,440.7,444.0,445.7,442.8,455.0
2025-04-24,327.0,338.15,324.0,323.0,330.7,331.4,692.4,253.15,303255,100482438.1,14.149999999999977,4.0,4.399999999999977,6.75,3.0,323.0,329.4,316.95,139076.0,323.05,335.05,320.1,199591.0,320.3,323.5,305.0,178020.0,296.3,301.5,285.7,230528.0,325.81666666666666,4.436496365358086,213974.0,320.75,11.445053516694463,230727.8,299.70500000000004,23.629886913727397,317184.6,308.20500000000004,24.528835206320394,285138.7,55.80159432665353,0.026006191950464386,0.02656344869459626,1.1804984325117203,0.9800384444744048,0.9776704888322943,0.0030179900660670775,3,4,397.65,397.8,388.65,400.65,393.75,397.0,412.25,405.8,415.0,401.85,424.95,434.55,444.0,439.0,440.7,444.0,445.7,442.8,455.0,447.15
2025-04-25,332.0,397.65,326.8,331.4,383.0,386.55,692.4,253.15,1670659,615691743.6,70.84999999999997,0.6000000000000227,54.55000000000001,11.099999999999966,5.199999999999989,331.4,338.15,324.0,303255.0,323.0,329.4,316.95,139076.0,323.05,335.05,320.1,199591.0,306.0,309.2,298.0,333697.0,346.98333333333335,37.136852765591264,704330.0,336.86,30.09669832390252,498120.2,311.2,35.241289309873586,459690.6,309.4775,28.39501160785821,354201.45,65.44321329216895,0.16641520820760425,0.17595741534821818,4.50908970998005,0.9720860052785816,0.8454274996744395,0.002713466628984693,4,4,397.8,388.65,400.65,393.75,397.0,412.25,405.8,415.0,401.85,424.95,434.55,444.0,439.0,440.7,444.0,445.7,442.8,455.0,447.15,454.85
2025-04-28,386.45,397.8,367.0,386.55,380.5,380.25,692.4,253.15,619020,237132821.9,30.80000000000001,-0.10000000000002274,6.199999999999989,11.350000000000023,13.25,386.55,397.65,326.8,1670659.0,331.4,338.15,324.0,303255.0,323.0,329.4,316.95,139076.0,320.3,323.5,305.0,178020.0,366.06666666666666,34.39572405595267,864311.3333333334,348.85,34.93525082205644,586320.2,323.805,39.16491343593691,495838.4,311.2825,32.01170129400683,371709.3,63.06326808883528,-0.016298020954598424,0.0003772161448509781,-0.629475554257332,0.9558823529387735,0.9651545036135039,0.002610435767770029,0,4,388.65,400.65,393.75,397.0,412.25,405.8,415.0,401.85,424.95,434.55,444.0,439.0,440.7,444.0,445.7,442.8,455.0,447.15,454.85,456.0
2025-04-29,380.25,388.65,357.5,380.25,366.0,364.25,692.4,253.15,260153,97032370.55,31.149999999999977,0.0,16.0,8.399999999999977,6.75,380.25,397.8,367.0,619020.0,386.55,397.65,326.8,1670659.0,331.4,338.15,324.0,303255.0,323.05,335.05,320.1,199591.0,377.01666666666665,5.239990458000378,849944.0,357.09,33.71729155789345,598432.6,332.57000000000005,38.32916245425186,430914.3,313.84000000000003,35.312378458103026,363511.2,62.67812711659129,-0.04207758053911903,-0.023001508295626083,-0.5797340958288908,0.9372185771235374,0.9814687714454867,0.002681094963726,1,4,400.65,393.75,397.0,412.25,405.8,415.0,401.85,424.95,434.55,444.0,439.0,440.7,444.0,445.7,442.8,455.0,447.15,454.85,456.0,464.0
2025-04-30,366.0,400.65,363.5,364.25,370.0,374.35,692.4,253.15,602295,233056292.1,37.14999999999998,1.75,8.350000000000023,26.299999999999955,2.5,364.25,388.65,357.5,260153.0,380.25,397.8,367.0,619020.0,386.55,397.65,326.8,1670659.0,323.0,329.4,316.95,139076.0,372.95,6.2695693631968625,493822.6666666667,367.36,26.344581985675696,691076.4,340.545,39.54686706231518,453629.4,316.96999999999997,39.18046799577948,380593.85,78.90127387948715,0.027728208647906705,0.03087610961018905,1.3151568500074955,0.9343566704082509,0.9710164284734312,0.0025843327145253247,2,4,393.75,397.0,412.25,405.8,415.0,401.85,424.95,434.55,444.0,439.0,440.7,444.0,445.7,442.8,455.0,447.15,454.85,456.0,464.0,467.2
2025-05-02,373.95,393.75,372.05,374.35,380.5,381.35,692.4,253.15,230928,88621823.2,21.69999999999999,-0.4000000000000341,7.400000000000034,12.399999999999977,1.8999999999999773,374.35,400.65,363.5,602295.0,364.25,388.65,357.5,260153.0,380.25,397.8,367.0,619020.0,331.4,338.15,324.0,303255.0,373.31666666666666,6.022457969959966,364458.6666666667,377.35,4.642736262161059,676611.0,349.05,37.101663634457545,453669.4,320.585,41.702109627311444,381148.45,78.99603698226711,0.018699078402564462,-0.0172220142268813,-0.616586556421687,0.9685079365054768,0.9756129539767258,0.0026057690043099903,4,5,397.0,412.25,405.8,415.0,401.85,424.95,434.55,444.0,439.0,440.7,444.0,445.7,442.8,455.0,447.15,454.85,456.0,464.0,467.2,464.8
2025-05-05,386.95,397.0,377.4,381.35,388.0,390.15,692.4,253.15,160933,62759108.15,19.600000000000023,5.599999999999966,3.1999999999999886,6.850000000000023,9.550000000000011,381.35,393.75,372.05,230928.0,374.35,400.65,363.5,602295.0,364.25,388.65,357.5,260153.0,386.55,397.65,326.8,1670659.0,381.95,3.451931826278208,331385.3333333333,378.07,4.583203028449133,374665.8,357.46500000000003,33.60547078477925,436393.0,324.505,44.10392779978108,371170.2,87.62800995722782,0.023075914514225637,0.00825396825396818,-0.3031031317120487,0.9827455919370711,0.9673202614354292,0.0025642971154936655,0,5,412.25,405.8,415.0,401.85,424.95,434.55,444.0,439.0,440.7,444.0,445.7,442.8,455.0,447.15,454.85,456.0,464.0,467.2,464.8,456.45
2025-05-06,389.8,412.25,384.75,390.15,399.0,393.65,692.4,253.15,447949,180531007.5,27.5,-0.3499999999999659,3.849999999999966,18.600000000000023,5.050000000000011,390.15,397.0,377.4,160933.0,381.35,393.75,372.05,230928.0,374.35,400.65,363.5,602295.0,380.25,397.8,367.0,619020.0,388.3833333333334,9.87737313256646,279936.6666666667,380.75,8.881328729417927,340451.6,364.8,31.571269023873004,463385.9,328.20500000000004,47.1362869353592,390228.75,86.18238020892392,0.008970908624887919,0.038413098236775856,1.78345025569647,0.9548817465107219,0.9773910834472822,0.002481285659473207,1,5,405.8,415.0,401.85,424.95,434.55,444.0,439.0,440.7,444.0,445.7,442.8,455.0,447.15,454.85,456.0,464.0,467.2,464.8,456.45,463.45
2025-05-07,394.9,405.8,387.8,393.65,398.0,398.0,692.4,253.15,174276,69409652.3,18.0,1.25,3.1000000000000227,7.800000000000011,7.099999999999966,393.65,412.25,384.75,447949.0,390.15,397.0,377.4,160933.0,381.35,393.75,372.05,230928.0,364.25,388.65,357.5,260153.0,393.93333333333334,7.655118113607781,261052.66666666666,387.5,7.3199556009570745,323276.2,372.295,28.38590025581925,460854.4,331.9625,49.175318143084425,396066.4,84.90884536672029,0.011050425504890216,-0.015645845967252825,-0.6109467818881167,0.9807787087210922,0.9743718592940342,0.0025108323442790104,2,5,415.0,401.85,424.95,434.55,444.0,439.0,440.7,444.0,445.7,442.8,455.0,447.15,454.85,456.0,464.0,467.2,464.8,456.45,463.45,457.7
2025-05-08,402.6,415.0,384.0,398.0,388.0,391.25,692.4,253.15,155949,62748919.5,31.0,4.600000000000023,11.350000000000023,12.399999999999977,7.25,398.0,405.8,387.8,174276.0,393.65,412.25,384.75,447949.0,390.15,397.0,377.4,160933.0,374.35,400.65,363.5,602295.0,394.3,4.722375814491732,259391.33333333334,390.88,9.266566246457295,234007.0,379.12,21.44166763829479,462541.7,336.115,51.30582941127483,397890.5,80.99902056066608,-0.016959798994974906,0.022671266633809806,-0.10516077945328095,0.9427710843350777,0.9814696485597918,0.0024852858223319684,3,5,401.85,424.95,434.55,444.0,439.0,440.7,444.0,445.7,442.8,455.0,447.15,454.85,456.0,464.0,467.2,464.8,456.45,463.45,457.7,452.7
2025-05-09,385.0,401.85,381.05,391.25,396.45,394.5,692.4,253.15,164681,64613741.1,20.80000000000001,-6.25,9.5,7.350000000000023,3.9499999999999886,391.25,415.0,384.0,155949.0,398.0,405.8,387.8,174276.0,393.65,412.25,384.75,447949.0,381.35,393.75,372.05,230928.0,394.5833333333333,6.747406909321313,164968.66666666666,393.51000000000005,7.375686408733827,220757.6,385.43,8.089629850067208,448684.3,342.5675,50.95176924772654,382934.45,80.16359917435383,0.008306709265175627,-0.03168674698795171,0.055992664268446735,0.9817095931293226,0.965906210390454,0.0025486993508877635,4,5,424.95,434.55,444.0,439.0,440.7,444.0,445.7,442.8,455.0,447.15,454.85,456.0,464.0,467.2,464.8,456.45,463.45,457.7,452.7,440.3
2025-05-12,406.0,424.95,406.0,394.5,419.0,418.55,692.4,253.15,203617,85282261.85,18.94999999999999,11.5,12.550000000000011,6.399999999999977,0.0,394.5,401.85,381.05,164681.0,391.25,415.0,384.0,155949.0,398.0,405.8,387.8,174276.0,390.15,397.0,377.4,160933.0,401.43333333333334,11.586881950434336,174749.0,399.19,8.919403006927014,229294.4,388.63,10.927264575871607,301980.1,349.915,50.3244198204316,380835.35,81.39980823816173,0.06096324461343472,0.057484135871593844,0.2364328611072315,0.9849394046335218,0.9700155298029626,0.0023875656623429486,0,5,434.55,444.0,439.0,440.7,444.0,445.7,442.8,455.0,447.15,454.85,456.0,464.0,467.2,464.8,456.45,463.45,457.7,452.7,440.3,449.0
2025-05-13,418.55,434.55,415.0,418.55,426.9,427.95,692.4,253.15,116269,49967785.7,19.55000000000001,0.0,9.399999999999977,6.600000000000023,3.5500000000000114,418.55,424.95,406.0,203617.0,394.5,401.85,381.05,164681.0,391.25,415.0,384.0,155949.0,393.65,412.25,384.75,447949.0,413.6666666666667,16.80803379339708,161522.33333333334,406.05,13.495767855145438,162958.4,393.4,14.342467051072441,251705.0,358.6025,48.40887933720533,373771.7,82.15818515542479,0.02245848763588576,0.022590893046240845,-0.4289818630075092,0.9848118743505124,0.969739455541606,0.0023268791756765796,1,5,444.0,439.0,440.7,444.0,445.7,442.8,455.0,447.15,454.85,456.0,464.0,467.2,464.8,456.45,463.45,457.7,452.7,440.3,449.0,470.0
2025-05-14,444.0,444.0,432.6,427.95,437.8,436.2,692.4,253.15,84181,36748118.85,11.399999999999977,16.05000000000001,7.800000000000011,0.0,3.599999999999966,427.95,434.55,415.0,116269.0,418.55,424.95,406.0,203617.0,394.5,401.85,381.05,164681.0,398.0,405.8,387.8,174276.0,427.56666666666666,9.525098424688373,134689.0,413.69000000000005,16.460581702964625,144939.4,400.59499999999997,16.759776582970872,234107.8,366.5825,46.28097789020433,332511.05,83.04144774569421,0.019277953031896278,0.02174663444943037,-0.27598069992861385,0.9824324324302197,0.991746905087135,0.002290756714476012,2,5,439.0,440.7,444.0,445.7,442.8,455.0,447.15,454.85,456.0,464.0,467.2,464.8,456.45,463.45,457.7,452.7,440.3,449.0,470.0,463.75
2025-05-15,436.15,439.0,427.05,436.2,428.9,429.95,692.4,253.15,64965,27997109.8,11.949999999999989,-0.05000000000001137,6.199999999999989,2.8500000000000227,2.8999999999999773,436.2,444.0,432.6,84181.0,427.95,434.55,415.0,116269.0,418.55,424.95,406.0,203617.0,391.25,415.0,384.0,155949.0,431.3666666666666,4.727666795930238,88471.66666666667,421.43,16.652649939273083,126742.6,406.15500000000003,17.968955481916556,180374.8,373.35,44.65429813696733,317002.1,79.13094885540742,-0.014328289775332403,-0.011261261261261257,-0.22827003718178684,0.9793849658292041,0.993255029652301,0.0023204180882985285,3,5,440.7,444.0,445.7,442.8,455.0,447.15,454.85,456.0,464.0,467.2,464.8,456.45,463.45,457.7,452.7,440.3,449.0,470.0,463.75,469.9
2025-05-16,430.0,440.7,424.05,429.95,436.0,434.0,692.4,253.15,116672,50635509.65,16.649999999999977,0.05000000000001137,4.0,6.699999999999989,5.949999999999989,429.95,439.0,427.05,64965.0,436.2,444.0,432.6,84181.0,427.95,434.55,415.0,116269.0,394.5,401.85,381.05,164681.0,433.3833333333334,2.5423086620913145,88606.0,429.33000000000004,7.369650602299184,117140.8,411.41999999999996,17.397378474292214,168949.2,380.235,41.79580972449535,311309.3,70.09741634069152,0.00941969996511216,0.0038724373576308757,0.7959208804741014,0.9847969139982192,0.9770737327166428,0.002304153760996064,4,5,444.0,445.7,442.8,455.0,447.15,454.85,456.0,464.0,467.2,464.8,456.45,463.45,457.7,452.7,440.3,449.0,470.0,463.75,469.9,452.55
