date,open,high,low,prev. close,ltp,close,52w h,52w l,volume,value
2020-03-05,9.75,9.75,9.75,10.8,9.75,9.75,9.75,9.75,325161,3170319.75
2020-03-06,8.8,8.8,8.8,9.75,8.8,8.8,9.75,8.8,253423,2230122.4
2020-03-09,7.95,7.95,7.95,8.8,7.95,7.95,9.75,7.95,321298,2554319.1
2020-03-11,7.6,7.6,7.6,7.95,7.6,7.6,9.75,7.6,319894,2431194.4
2020-03-12,7.25,7.25,7.25,7.6,7.25,7.25,9.75,7.25,269832,1956282.0
2020-03-13,6.9,6.9,6.9,7.25,6.9,6.9,9.75,6.9,230817,1592637.3
2020-03-16,6.6,6.6,6.6,6.9,6.6,6.6,9.75,6.6,234300,1546380.0
2020-03-17,6.3,6.3,6.3,6.6,6.3,6.3,9.75,6.3,191711,1207779.3
2020-03-18,6.0,6.0,6.0,6.3,6.0,6.0,9.75,6.0,157576,945456.0
2020-03-19,5.7,5.7,5.7,6.0,5.7,5.7,9.75,5.7,299349,1706289.3
2020-03-20,5.45,5.45,5.45,5.7,5.45,5.45,9.75,5.45,263152,1434178.4
2020-03-23,5.2,5.2,5.2,5.45,5.2,5.2,9.75,5.2,156006,811231.2
2020-03-24,4.95,4.95,4.95,5.2,4.95,4.95,9.75,4.95,379792,1879970.4
2020-03-25,4.75,4.75,4.75,4.95,4.75,4.75,9.75,4.75,304523,1446484.25
2020-03-26,4.55,4.55,4.55,4.75,4.55,4.55,9.75,4.55,394349,1794287.95
2020-03-27,4.35,4.35,4.35,4.55,4.35,4.35,9.75,4.35,810631,3526244.85
2020-03-30,4.15,4.15,4.15,4.35,4.15,4.15,9.75,4.15,606895,2518614.25
2020-03-31,3.95,3.95,3.95,4.15,3.95,3.95,9.75,3.95,1075590,4248580.5
2020-04-01,3.8,4.1,3.8,3.95,4.1,4.1,9.75,3.8,25847805,103603025.95
2020-04-03,4.3,4.3,4.3,4.1,4.3,4.3,9.75,3.8,3942656,16953420.8
2020-04-07,4.5,4.5,4.5,4.3,4.5,4.5,9.75,3.8,1360533,6122398.5
2020-04-08,4.7,4.7,4.7,4.5,4.7,4.7,9.75,3.8,1698707,7983922.9
2020-04-09,4.9,4.9,4.9,4.7,4.9,4.9,9.75,3.8,719085,3523516.5
2020-04-13,5.1,5.1,4.7,4.9,5.1,5.1,9.75,3.8,24939587,123722994.0
2020-04-15,5.35,5.35,5.3,5.1,5.35,5.35,9.75,3.8,5358992,28669321.9
2020-04-16,5.6,5.6,5.6,5.35,5.6,5.6,9.75,3.8,419768,2350700.8
2020-04-17,5.85,5.85,5.85,5.6,5.85,5.85,9.75,3.8,507807,2970670.95
2020-04-20,6.1,6.1,6.1,5.85,6.1,6.1,9.75,3.8,449546,2742230.6
2020-04-21,6.4,6.4,6.4,6.1,6.4,6.4,9.75,3.8,822876,5266406.4
2020-04-22,6.7,6.7,6.7,6.4,6.7,6.7,9.75,3.8,803868,5385915.6
2020-04-23,7.0,7.0,7.0,6.7,7.0,7.0,9.75,3.8,378854,2651978.0
2020-04-24,7.35,7.35,7.35,7.0,7.35,7.35,9.75,3.8,444346,3265943.1
2020-04-27,7.7,7.7,7.0,7.35,7.0,7.0,9.75,3.8,26398254,194688975.75
2020-04-28,6.65,6.65,6.65,7.0,6.65,6.65,9.75,3.8,3490180,23209697.0
2020-04-29,6.35,6.95,6.35,6.65,6.95,6.95,9.75,3.8,21106363,139580308.7
2020-04-30,7.25,7.25,6.75,6.95,7.25,7.25,9.75,3.8,13663283,98300791.1
2020-05-04,7.6,7.6,7.6,7.25,7.6,7.6,9.75,3.8,3303523,25106774.8
2020-05-05,7.95,7.95,7.95,7.6,7.95,7.95,9.75,3.8,1320366,10496909.7
2020-05-06,8.3,8.3,8.3,7.95,8.3,8.3,9.75,3.8,755968,6274534.4
2020-05-07,8.7,8.7,8.7,8.3,8.7,8.7,9.75,3.8,1087846,9464260.2
2020-05-08,9.1,9.1,9.1,8.7,9.1,9.1,9.75,3.8,769586,7003232.6
2020-05-11,9.55,9.55,9.55,9.1,9.55,9.55,9.75,3.8,599900,5729045.0
2020-05-12,10.0,10.0,10.0,9.55,10.0,10.0,10.0,3.8,849695,8496950.0
2020-05-13,10.5,10.5,10.5,10.0,10.5,10.5,10.5,3.8,644858,6771009.0
2020-05-14,11.0,11.0,11.0,10.5,11.0,11.0,11.0,3.8,667327,7340597.0
2020-05-15,11.55,11.55,11.55,11.0,11.55,11.55,11.55,3.8,720156,8317801.8
2020-05-18,12.1,12.1,12.1,11.55,12.1,12.1,12.1,3.8,729309,8824638.9
2020-05-19,12.7,12.7,12.7,12.1,12.7,12.7,12.7,3.8,575256,7305751.2
2020-05-20,13.3,13.3,12.1,12.7,13.3,13.3,13.3,3.8,58166209,734450372.05
2020-05-21,13.95,13.95,13.3,13.3,13.95,13.95,13.95,3.8,15230042,210973298.0
2020-05-22,14.6,14.6,14.25,13.95,14.6,14.6,14.6,3.8,6739340,98292434.1
2020-05-26,15.3,15.3,15.3,14.6,15.3,15.3,15.3,3.8,958356,14662846.8
2020-05-27,16.05,16.05,16.05,15.3,16.05,16.05,16.05,3.8,848135,13612566.75
2020-05-28,16.85,16.85,16.85,16.05,16.85,16.85,16.85,3.8,653177,11006032.45
2020-05-29,17.65,17.65,17.65,16.85,17.65,17.65,17.65,3.8,1074541,18965648.65
2020-06-01,18.5,18.5,18.5,17.65,18.5,18.5,18.5,3.8,675694,12500339.0
2020-06-02,19.4,19.4,19.4,18.5,19.4,19.4,19.4,3.8,451863,8766142.2
2020-06-03,20.35,20.35,20.35,19.4,20.35,20.35,20.35,3.8,444009,9035583.15
2020-06-04,21.35,21.35,21.35,20.35,21.35,21.35,21.35,3.8,413127,8820261.45
2020-06-05,22.4,22.4,22.4,21.35,22.4,22.4,22.4,3.8,466308,10445299.2
2020-06-08,23.5,23.5,23.5,22.4,23.5,23.5,23.5,3.8,468686,11014121.0
2020-06-09,24.65,24.65,24.65,23.5,24.65,24.65,24.65,3.8,791456,19509390.4
2020-06-10,25.85,25.85,25.85,24.65,25.85,25.85,25.85,3.8,400715,10358482.75
2020-06-11,27.1,27.1,27.1,25.85,27.1,27.1,27.1,3.8,1905867,51648995.7
2020-06-12,28.45,28.45,26.15,27.1,28.45,28.45,28.45,3.8,18752643,518518084.85
2020-06-15,29.85,29.85,29.85,28.45,29.85,29.85,29.85,3.8,537102,16032494.7
2020-06-16,31.3,31.3,31.3,29.85,31.3,31.3,31.3,3.8,409842,12828054.6
2020-06-17,32.85,32.85,32.85,31.3,32.85,32.85,32.85,3.8,287000,9427950.0
2020-06-18,34.45,34.45,34.45,32.85,34.45,34.45,34.45,3.8,228972,7888085.4
2020-06-19,36.15,36.15,36.15,34.45,36.15,36.15,36.15,3.8,1357238,49064153.7
2020-06-22,37.95,37.95,37.95,36.15,37.95,37.95,37.95,3.8,278070,10552756.5
2020-06-23,39.8,39.8,39.8,37.95,39.8,39.8,39.8,3.8,285318,11355656.4
2020-06-24,41.75,41.75,41.75,39.8,41.75,41.75,41.75,3.8,336514,14049459.5
2020-06-25,43.8,43.8,43.8,41.75,43.8,43.8,43.8,3.8,1405124,61544431.2
2020-06-26,45.95,45.95,45.95,43.8,45.95,45.95,45.95,3.8,298135,13699303.25
2020-06-29,48.2,48.2,48.2,45.95,48.2,48.2,48.2,3.8,407904,19660972.8
2020-06-30,50.6,50.6,50.6,48.2,50.6,50.6,50.6,3.8,393573,19914793.8
2020-07-01,53.1,53.1,53.1,50.6,53.1,53.1,53.1,3.8,260917,13854692.7
2020-07-02,55.75,55.75,55.75,53.1,55.75,55.75,55.75,3.8,985753,54955729.75
2020-07-03,58.5,58.5,53.0,55.75,53.0,53.0,58.5,3.8,23104991,1275824075.05
2020-07-06,50.35,50.35,50.35,53.0,50.35,50.35,58.5,3.8,4839799,243683879.65
2020-07-07,47.85,47.85,47.85,50.35,47.85,47.85,58.5,3.8,1206742,57742604.7
2020-07-08,45.5,45.5,45.5,47.85,45.5,45.5,58.5,3.8,1011193,46009281.5
2020-07-09,43.25,43.25,43.25,45.5,43.25,43.25,58.5,3.8,1498974,64830625.5
2020-07-10,41.1,45.4,41.1,43.25,41.1,41.1,58.5,3.8,120295399,5067883932.1
2020-07-13,40.45,42.0,39.05,41.1,39.05,39.05,58.5,3.8,34487361,1380556541.2
2020-07-14,37.1,37.1,37.1,39.05,37.1,37.1,58.5,3.8,1927042,71493258.2
2020-07-15,35.25,36.65,35.25,37.1,35.25,35.25,58.5,3.8,26022895,922694670.3
2020-07-16,33.5,33.5,33.5,35.25,33.5,33.5,58.5,3.8,701101,23486883.5
2020-07-17,31.85,31.85,31.85,33.5,31.85,31.85,58.5,3.8,973907,31018937.95
2020-07-20,30.3,30.3,30.3,31.85,30.3,30.3,58.5,3.8,3712965,112502839.5
2020-07-21,28.8,28.8,28.8,30.3,28.8,28.8,58.5,3.8,1733423,49922582.4
2020-07-22,27.4,27.4,27.4,28.8,27.4,27.4,58.5,3.8,1327845,36382953.0
2020-07-23,26.05,26.05,26.05,27.4,26.05,26.05,58.5,3.8,1576216,41060426.8
2020-07-24,25.45,27.35,25.45,26.05,27.35,27.35,58.5,3.8,30078211,793388583.2
2020-07-27,28.7,28.7,28.7,27.35,28.7,28.7,58.5,3.8,489029,14035132.3
2020-07-28,30.1,30.1,27.3,28.7,30.1,30.1,58.5,3.8,74793649,2185575596.15
2020-07-29,31.2,31.6,30.3,30.1,31.6,31.6,58.5,3.8,5849323,182102592.4
2020-07-30,33.15,33.15,33.15,31.6,33.15,33.15,58.5,3.8,796677,26409842.55
2020-07-31,34.8,34.8,33.2,33.15,34.8,34.8,58.5,3.8,41082807,1415885918.3
2020-08-03,36.4,36.5,35.55,34.8,36.5,36.5,58.5,3.8,5611044,203213519.2
2020-08-04,38.3,38.3,38.3,36.5,38.3,38.3,58.5,3.8,366591,14040435.3
2020-08-05,40.2,40.2,40.2,38.3,40.2,40.2,58.5,3.8,603573,24263634.6
2020-08-06,41.0,42.2,39.05,40.2,42.2,42.2,58.5,3.8,18754672,778187385.55
2020-08-07,42.8,44.3,40.1,42.2,40.1,40.1,58.5,3.8,44565530,1876270518.7
2020-08-10,38.1,39.2,38.1,40.1,38.1,38.1,58.5,3.8,10599536,404282658.4
2020-08-11,36.2,36.2,36.2,38.1,36.2,36.2,58.5,3.8,4483116,162288799.2
2020-08-12,34.4,38.0,34.4,36.2,38.0,38.0,58.5,3.8,23121668,832455562.9
2020-08-13,39.9,39.9,36.55,38.0,37.4,37.25,58.5,3.8,41317291,1589880611.85
2020-08-14,36.35,38.2,35.4,37.25,35.4,35.4,58.5,3.8,16536349,593268293.55
2020-08-17,35.1,36.8,33.65,35.4,36.2,35.65,58.5,3.8,38113651,1319755731.05
2020-08-18,36.4,36.65,35.05,35.65,36.0,36.0,58.5,3.8,12850442,462660856.25
2020-08-19,36.1,36.4,35.1,36.0,35.35,35.3,58.5,3.8,10890098,386017122.4
2020-08-20,34.5,35.05,34.0,35.3,34.2,34.15,58.5,3.8,12968597,445199599.95
2020-08-21,34.85,34.9,32.45,34.15,32.6,32.5,58.5,3.8,18912382,630223925.1
2020-08-24,33.0,34.1,32.6,32.5,34.1,34.1,58.5,3.8,4776721,161713961.65
2020-08-25,35.8,35.8,33.05,34.1,35.8,35.4,58.5,3.8,28111406,980247303.85
2020-08-26,35.0,35.4,34.3,35.4,34.45,34.45,58.5,3.8,11145710,385826890.3
2020-08-27,33.2,34.4,33.2,34.45,33.8,33.7,58.5,3.8,9724957,328864672.6
2020-08-28,34.0,34.5,33.0,33.7,33.45,33.35,58.5,3.8,11376856,380533106.9
2020-08-31,34.5,34.5,31.7,33.35,31.7,31.7,58.5,3.8,18442309,601198191.4
2020-09-01,30.7,31.0,30.15,31.7,30.15,30.15,58.5,3.8,7797994,235487535.1
2020-09-02,29.3,31.65,28.65,30.15,31.65,31.65,58.5,3.8,22680003,693037745.05
2020-09-03,32.75,33.15,31.9,31.65,32.1,32.15,58.5,3.8,13152323,427286612.0
2020-09-04,30.7,31.3,30.55,32.15,30.75,30.7,58.5,3.8,10630582,327849989.3
2020-09-07,31.05,31.3,29.5,30.7,29.85,29.85,58.5,3.8,9237267,277378889.35
2020-09-08,29.8,30.0,28.55,29.85,28.9,28.8,58.5,3.8,9897027,288074438.45
2020-09-09,27.65,28.25,27.4,28.8,27.5,27.4,58.5,3.8,13510661,371750059.0
2020-09-10,28.75,28.75,28.75,27.4,28.75,28.75,58.5,3.8,1125342,32353582.5
2020-09-11,30.15,30.15,30.15,28.75,30.15,30.15,58.5,3.8,472414,14243282.1
2020-09-14,31.65,31.65,31.65,30.15,31.65,31.65,58.5,3.8,694705,21987413.25
2020-09-15,32.4,33.2,31.65,31.65,33.2,33.2,58.5,3.8,29982121,987469848.4
2020-09-16,31.55,31.55,31.55,33.2,31.55,31.55,58.5,3.8,1438184,45374705.2
2020-09-17,30.0,30.0,30.0,31.55,30.0,30.0,58.5,3.8,744249,22327470.0
2020-09-18,28.5,28.5,28.5,30.0,28.5,28.5,58.5,3.8,3826782,109063287.0
2020-09-21,27.1,27.1,27.1,28.5,27.1,27.1,58.5,3.8,3610084,97833276.4
2020-09-22,25.75,25.75,25.75,27.1,25.75,25.75,58.5,3.8,1915827,49332545.25
2020-09-23,24.5,25.75,24.5,25.75,24.5,24.5,58.5,3.8,48227541,1194454143.65
2020-09-24,23.3,23.3,23.3,24.5,23.3,23.3,58.5,3.8,1886965,43966284.5
2020-09-25,22.75,23.7,22.15,23.3,22.15,22.15,58.5,3.8,43499072,970276926.15
2020-09-28,21.6,23.25,21.35,22.15,21.8,21.6,58.5,3.8,49386311,1109894487.25
2020-09-29,21.85,21.95,20.55,21.6,20.55,20.55,58.5,3.8,14277876,298077801.6
2020-09-30,20.1,20.6,19.55,20.55,19.55,19.55,58.5,3.8,26853662,531587942.35
2020-10-01,19.55,20.5,18.65,19.55,20.5,20.5,58.5,3.8,35682372,699625172.6
2020-10-05,21.5,21.5,21.5,20.5,21.5,21.5,58.5,3.8,1298052,27908118.0
2020-10-06,22.55,22.55,22.55,21.5,22.55,22.55,58.5,3.8,745118,16802410.9
2020-10-07,23.65,23.65,22.65,22.55,23.65,23.65,58.5,3.8,20008510,470111379.6
2020-10-08,24.0,24.8,23.65,23.65,24.8,24.8,58.5,3.8,40665031,1000144998.5
2020-10-09,24.05,24.4,23.6,24.8,23.6,23.6,58.5,3.8,10273371,244923910.4
2020-10-12,22.45,22.45,22.45,23.6,22.45,22.45,58.5,3.8,990019,22225926.55
2020-10-13,21.6,22.95,21.35,22.45,21.5,21.45,58.5,3.8,28871306,627358193.4
2020-10-14,21.5,22.5,21.05,21.45,22.5,22.5,58.5,3.8,14908846,332883012.0
2020-10-15,22.8,23.6,22.0,22.5,22.8,22.95,58.5,3.8,22700904,528223291.4
2020-10-16,23.1,23.55,22.15,22.95,23.25,23.2,58.5,3.8,11725451,268111106.2
2020-10-19,23.7,23.7,22.6,23.2,22.75,22.8,58.5,3.8,6378425,146375636.25
2020-10-20,22.3,22.65,21.7,22.8,21.95,21.9,58.5,3.8,9339558,207044593.6
2020-10-21,21.9,22.6,21.4,21.9,21.85,21.85,58.5,3.8,10062928,220691968.65
2020-10-22,21.75,22.25,21.45,21.85,22.15,22.1,58.5,3.8,6634973,145256168.3
2020-10-23,22.8,23.2,22.15,22.1,23.2,23.2,58.5,3.8,16503143,377749535.0
2020-10-26,23.1,23.1,22.05,23.2,22.4,22.3,58.5,3.8,9439759,210592662.7
2020-10-27,22.25,22.8,21.45,22.3,22.15,22.15,58.5,3.8,9539268,210854249.75
2020-10-28,22.15,22.55,21.8,22.15,22.0,21.95,58.5,3.8,6530766,144168019.8
2020-10-29,21.5,21.75,21.2,21.95,21.45,21.4,58.5,3.8,5166615,110924304.2
2020-10-30,21.45,22.4,21.3,21.4,21.95,21.85,58.5,3.8,6966659,151255917.15
2020-11-02,21.85,22.25,21.4,21.85,21.45,21.5,58.5,3.8,6323296,136485263.7
2020-11-03,21.0,21.7,20.9,21.5,21.15,21.15,58.5,3.8,5290128,112159524.65
2020-11-04,22.2,22.2,21.85,21.15,22.2,22.2,58.5,3.8,7735867,171593078.9
2020-11-05,22.8,23.15,22.4,22.2,22.9,22.85,58.5,3.8,10455864,238723849.7
2020-11-06,22.6,22.85,21.8,22.85,22.35,22.3,58.5,3.8,6952806,155042700.9
2020-11-09,22.5,23.4,22.3,22.3,23.4,23.4,58.5,3.8,11908289,273795904.2
2020-11-10,23.75,24.55,23.55,23.4,24.55,24.55,58.5,3.8,9003800,219068951.4
2020-11-11,25.75,25.75,24.7,24.55,25.75,25.75,58.5,3.8,32311412,825372348.0
2020-11-12,25.4,25.65,24.5,25.75,24.6,24.55,58.5,3.8,19013292,475025702.75
2020-11-13,25.75,25.75,25.0,24.55,25.75,25.75,58.5,3.8,35616122,913473370.05
2020-11-14,26.3,26.45,25.15,25.75,25.4,25.4,58.5,3.8,6978162,178874212.45
2020-11-17,24.25,24.5,24.15,25.4,24.15,24.15,58.5,3.8,3384277,81929288.05
2020-11-18,22.95,23.1,22.95,24.15,22.95,22.95,58.5,3.8,7153133,164172677.45
2020-11-19,22.05,23.35,22.05,22.95,22.35,22.25,58.5,3.8,23323354,526391473.85
2020-11-20,22.4,22.75,21.8,22.25,22.3,22.15,58.5,3.8,11081143,246526608.9
2020-11-23,22.4,22.7,22.0,22.15,22.25,22.25,58.5,3.8,9530433,212426847.2
2020-11-24,22.25,22.55,21.9,22.25,22.1,22.1,58.5,3.8,9275128,205672967.45
2020-11-25,22.1,22.2,21.0,22.1,21.4,21.35,58.5,3.8,11633281,250341600.2
2020-11-26,21.35,22.4,20.85,21.35,22.4,22.4,58.5,3.8,20505614,448811176.05
2020-11-27,21.8,22.35,21.7,22.4,21.95,21.95,58.5,3.8,8225888,181066999.95
2020-12-01,21.95,22.2,21.5,21.95,21.65,21.65,58.5,3.8,9667767,210408371.5
2020-12-02,21.75,22.3,21.55,21.65,21.8,21.8,58.5,3.8,9421439,205766062.4
2020-12-03,21.9,22.4,21.65,21.8,22.3,22.1,58.5,3.8,12068273,264232749.65
2020-12-04,22.4,22.65,21.85,22.1,22.2,22.3,58.5,3.8,13061517,289877739.8
2020-12-07,22.3,24.5,22.1,22.3,24.5,24.5,58.5,3.8,42641218,1013845413.35
2020-12-08,25.25,25.3,23.35,24.5,24.3,24.15,58.5,3.8,23471912,569694082.75
2020-12-09,24.3,25.25,23.8,24.15,24.55,24.55,58.5,3.8,12104016,297659723.7
2020-12-10,24.3,24.8,23.8,24.55,24.2,24.05,58.5,3.8,7952647,191223486.9
2020-12-11,24.2,24.65,23.9,24.05,24.0,24.0,58.5,3.8,8357092,202060959.6
2020-12-14,24.3,24.3,23.05,24.0,23.55,23.6,58.5,3.8,7332296,174100948.65
2020-12-15,23.2,23.4,22.7,23.6,23.0,22.95,58.5,3.8,7463962,171724597.4
2020-12-16,23.2,23.2,22.7,22.95,22.85,22.85,58.5,3.8,6619111,151947331.15
2020-12-17,23.0,23.9,22.95,22.85,23.15,23.1,58.5,3.8,9683336,226181672.15
2020-12-18,23.1,23.25,22.5,23.1,22.65,22.65,58.5,3.8,6730095,153129971.2
2020-12-21,22.7,22.85,21.05,22.65,21.35,21.3,58.5,3.8,11810609,259205551.9
2020-12-22,21.0,22.5,19.9,21.3,21.45,21.35,58.5,3.8,16288609,341122817.75
2020-12-23,21.5,21.95,21.25,21.35,21.4,21.45,58.5,3.8,10300137,222423199.95
2020-12-24,21.5,21.7,21.25,21.45,21.4,21.35,58.5,3.8,9298726,199753064.25
2020-12-28,21.5,21.95,21.4,21.35,21.75,21.6,58.5,3.8,7739793,167144798.35
2020-12-29,21.75,21.75,21.15,21.6,21.3,21.25,58.5,3.8,8792927,188472686.55
2020-12-30,21.3,21.45,20.9,21.25,21.25,21.25,58.5,3.8,5516297,117297839.9
2020-12-31,21.3,23.35,21.2,21.25,23.35,23.3,58.5,3.8,49948942,1148278208.15
2021-01-01,23.5,24.4,23.3,23.3,23.45,23.55,58.5,3.8,21049768,500969727.35
2021-01-04,23.6,23.75,22.7,23.55,22.9,22.95,58.5,3.8,16119458,369915167.35
2021-01-05,22.4,23.45,22.3,22.95,22.8,22.75,58.5,3.8,13625607,310934401.05
2021-01-06,22.95,23.15,22.45,22.75,22.75,22.65,58.5,3.8,8068284,184019887.05
2021-01-07,22.95,23.2,22.7,22.65,22.8,22.8,58.5,3.8,9708219,222451423.45
2021-01-08,23.05,23.1,22.7,22.8,22.8,22.75,58.5,3.8,7315418,167146837.35
2021-01-11,23.05,23.7,22.8,22.75,23.25,23.15,58.5,3.8,11649876,269869222.0
2021-01-12,23.8,24.0,23.4,23.15,23.55,23.55,58.5,3.8,10534655,248436625.9
2021-01-13,23.6,23.8,23.0,23.55,23.2,23.15,58.5,3.8,10221419,239106561.0
2021-01-14,23.45,23.45,23.0,23.15,23.25,23.2,58.5,3.8,5830748,135295939.1
2021-01-15,23.4,23.8,23.2,23.2,23.55,23.45,58.5,3.8,12779089,300370958.9
2021-01-18,24.2,24.5,23.4,23.45,23.5,23.7,58.5,3.8,17717869,425192730.75
2021-01-19,22.65,22.95,21.65,23.7,22.4,22.35,58.5,3.8,21498489,483020521.0
2021-01-20,22.5,22.8,22.0,22.35,22.15,22.1,58.5,3.8,9969237,222479299.3
2021-01-21,21.9,23.35,21.7,22.1,21.85,21.8,58.5,3.8,10005459,220763762.5
2021-01-22,21.8,21.8,21.3,21.8,21.5,21.45,58.5,3.8,9431526,202381982.3
2021-01-25,21.7,21.7,20.8,21.45,20.95,20.9,58.5,3.8,10320574,217623678.65
2021-01-27,20.9,22.4,20.55,20.9,21.55,21.55,58.5,3.8,17054510,365535005.15
2021-01-28,21.0,21.65,20.9,21.55,21.4,21.35,58.5,3.8,6730443,143157363.7
2021-01-29,21.4,21.8,21.2,21.35,21.35,21.25,58.5,3.8,5918142,126481058.25
2021-02-01,21.7,21.75,21.15,21.25,21.25,21.3,58.5,3.8,8512116,181924582.55
2021-02-02,21.5,21.6,21.15,21.3,21.25,21.2,58.5,3.8,5951509,126964661.2
2021-02-03,21.15,21.2,20.85,21.2,20.9,20.9,58.5,3.8,8095486,169670855.15
2021-02-04,21.0,21.2,20.85,20.9,21.05,21.0,58.5,3.8,8236546,173357557.8
2021-02-05,21.4,21.55,20.85,21.0,21.0,20.9,58.5,3.8,8830816,186600565.3
2021-02-08,21.0,21.1,20.85,20.9,20.9,20.9,58.5,3.8,6475878,135556460.6
2021-02-09,20.9,21.1,20.75,20.9,20.85,20.8,58.5,3.8,8087024,168701458.85
2021-02-10,20.8,20.85,20.25,20.8,20.35,20.35,58.5,3.8,9623401,196278577.6
2021-02-11,20.35,21.85,20.2,20.35,21.25,21.3,58.5,3.8,18483546,392220530.6
2021-02-12,21.55,21.6,20.75,21.3,20.85,20.9,58.5,3.8,7408872,155853170.45
2021-02-15,20.9,21.15,20.5,20.9,20.65,20.55,58.5,3.8,7249180,150246412.85
2021-02-16,20.6,20.75,20.25,20.55,20.45,20.35,58.5,3.8,5968221,121959369.8
2021-02-17,20.45,20.7,20.25,20.35,20.3,20.3,58.5,3.8,6633259,135317322.5
2021-02-18,20.3,20.5,20.1,20.3,20.15,20.15,58.5,3.8,7389525,149391307.45
2021-02-19,20.0,20.5,20.0,20.15,20.1,20.05,58.5,3.8,9388722,189608939.7
2021-02-22,19.65,20.9,19.65,20.05,20.1,20.1,58.5,3.8,12648551,256407440.85
2021-02-23,20.2,20.35,20.05,20.1,20.1,20.05,58.5,3.8,6027367,121335711.85
2021-02-24,20.05,20.3,19.6,20.05,20.1,20.1,58.5,3.8,4004552,80619106.45
2021-02-25,20.2,20.3,19.95,20.1,20.1,20.05,58.5,3.8,6799556,136485794.2
2021-02-26,20.0,20.05,19.65,20.05,19.8,19.75,58.5,3.8,8908610,176684915.9
2021-03-01,19.95,19.95,19.65,19.75,19.7,19.65,58.5,3.8,7744360,152618871.5
2021-03-02,19.75,19.8,19.65,19.65,19.65,19.65,58.5,3.8,5837375,115068788.15
2021-03-03,19.75,22.8,19.7,19.65,22.1,22.1,58.5,3.8,59903345,1310716601.75
2021-03-04,21.7,22.7,21.3,22.1,21.95,21.95,58.5,3.8,20160340,447207265.65
2021-03-05,22.25,22.45,21.05,21.95,21.4,21.35,58.5,3.8,13301175,288978944.85
2021-03-08,21.4,23.2,21.4,21.35,22.2,22.05,58.5,3.8,21831519,482169646.7
2021-03-09,22.45,22.95,21.45,22.05,21.75,21.75,58.5,3.8,13346799,293281453.95
2021-03-10,21.85,22.1,21.5,21.75,21.6,21.6,58.5,3.8,7151179,155437520.45
2021-03-12,21.8,22.25,21.35,21.6,21.55,21.5,58.5,3.8,10594533,230501872.3
2021-03-15,21.6,21.65,20.7,21.5,21.05,21.05,58.5,3.8,8678042,181995433.3
2021-03-16,21.25,21.65,20.9,21.05,21.5,21.4,58.5,3.8,9347244,199738516.85
2021-03-17,21.6,21.65,20.85,21.4,20.9,20.95,58.5,3.8,6588978,138866299.55
2021-03-18,21.15,21.25,19.95,20.95,20.0,20.15,58.5,3.8,7740310,159025982.65
2021-03-19,19.8,20.15,19.25,20.15,20.0,19.9,58.5,3.8,35279371,700962616.8
2021-03-22,20.8,21.95,20.6,19.9,20.95,20.9,58.5,3.8,16743394,354839898.45
2021-03-23,20.9,21.25,20.6,20.9,20.95,21.05,58.5,3.8,8914177,187063533.5
2021-03-24,20.95,21.15,20.7,21.05,20.9,20.9,58.5,3.8,8228069,172161479.15
2021-03-25,20.65,20.85,20.2,20.9,20.25,20.3,58.5,3.8,7966828,162199785.7
2021-03-26,20.5,20.85,20.25,20.3,20.35,20.35,58.5,3.8,8806842,179574667.5
2021-03-30,20.7,20.7,20.1,20.35,20.25,20.3,58.5,3.8,6372414,129937234.1
2021-03-31,20.3,20.5,20.1,20.3,20.15,20.15,58.5,3.8,6409732,129869176.2
2021-04-01,20.4,21.25,20.25,20.15,20.8,20.85,58.5,3.8,9236598,192027888.7
2021-04-05,20.9,21.6,20.65,20.85,21.5,21.5,58.5,4.5,13544393,287259718.7
2021-04-06,21.7,21.8,21.15,21.5,21.35,21.25,58.5,4.5,6653262,142335194.55
2021-04-07,21.25,21.45,20.75,21.25,20.9,20.95,58.5,4.5,4583925,96831037.8
2021-04-08,21.15,21.2,20.8,20.95,21.0,20.85,58.5,4.5,4362312,91311711.7
2021-04-09,20.9,21.4,20.85,20.85,20.9,20.9,58.5,4.5,4065267,85575090.55
2021-04-12,21.5,21.5,20.6,20.9,20.8,20.75,58.5,4.7,13904215,292126799.9
2021-04-13,20.95,21.15,20.65,20.75,20.75,20.8,58.5,4.7,5009706,104402622.75
2021-04-15,20.75,21.9,20.6,20.8,21.45,21.6,58.5,4.7,10273622,217731263.8
2021-04-16,21.3,21.85,20.95,21.6,21.2,21.2,58.5,4.7,10859769,231460883.75
2021-04-19,20.8,20.85,20.3,21.2,20.35,20.35,58.5,6.1,8284902,169270246.4
2021-04-20,20.5,20.7,20.2,20.35,20.2,20.25,58.5,6.1,6310668,128985852.65
2021-04-22,20.25,20.9,20.1,20.25,20.6,20.55,58.5,6.1,6432336,132164671.15
2021-04-23,20.7,22.6,20.65,20.55,22.45,22.25,58.5,6.1,34642454,758557628.75
2021-04-26,23.2,24.2,22.65,22.25,22.9,23.1,58.5,6.35,39184511,925578566.65
2021-04-27,19.55,20.75,19.55,23.1,20.15,20.1,58.5,6.35,47143785,953692198.35
2021-04-28,20.45,20.55,19.85,20.1,19.9,19.9,58.5,6.35,20027434,401945433.05
2021-04-29,19.8,20.1,19.3,19.9,19.5,19.4,58.5,6.35,19955894,390049450.5
2021-04-30,19.3,19.6,19.0,19.4,19.3,19.3,58.5,6.35,14112653,272567631.25
2021-05-03,18.85,19.2,18.8,19.3,18.85,18.85,58.5,7.6,13156236,248995735.05
2021-05-04,18.95,19.75,18.85,18.85,19.05,19.05,58.5,7.6,11988341,230114864.3
2021-05-05,19.3,19.3,18.9,19.05,19.0,19.0,58.5,7.6,4834076,92212450.2
2021-05-06,19.1,19.1,18.85,19.0,18.9,18.85,58.5,7.6,5655194,107042526.8
2021-05-07,18.85,19.1,18.8,18.85,18.85,18.85,58.5,7.6,8722002,165285746.65
2021-05-10,19.0,19.15,18.8,18.85,18.9,18.85,58.5,9.55,8062871,152625264.15
2021-05-11,18.75,19.75,18.7,18.85,19.15,19.25,58.5,9.55,14109609,271693711.65
2021-05-12,19.6,20.8,19.45,19.25,20.4,20.15,58.5,9.55,36883917,746740450.2
2021-05-14,20.75,21.0,20.3,20.15,20.45,20.4,58.5,9.55,17986545,370436154.85
2021-05-17,20.8,20.8,20.05,20.4,20.15,20.15,58.5,12.1,11183894,228432849.0
2021-05-18,20.2,21.2,20.0,20.15,21.1,20.9,58.5,12.1,22312426,459434824.55
2021-05-19,21.1,21.5,20.65,20.9,21.15,21.25,58.5,12.1,22453995,471550984.2
2021-05-20,21.3,21.5,20.9,21.25,21.15,21.15,58.5,12.1,16611075,352342516.85
2021-05-21,21.3,21.45,20.8,21.15,20.9,21.0,58.5,12.1,9840513,208639250.9
2021-05-24,21.05,21.1,20.55,21.0,20.8,20.8,58.5,15.3,8800381,182858605.9
2021-05-25,20.7,21.4,20.7,20.8,20.95,20.9,58.5,15.3,13562413,285662805.95
2021-05-26,21.0,21.15,20.5,20.9,20.5,20.65,58.5,15.3,7840227,163327193.2
2021-05-27,20.75,22.2,20.6,20.65,21.3,21.55,58.5,15.3,36651088,785838879.5
2021-05-28,21.65,21.8,20.75,21.55,20.95,20.8,58.5,15.3,11230034,237704711.9
2021-05-31,20.85,21.0,20.6,20.8,20.7,20.65,58.5,18.5,6134860,127493732.85
2021-06-01,20.9,20.9,20.3,20.65,20.35,20.4,58.5,18.5,8403318,172484309.85
2021-06-02,20.45,20.75,20.25,20.4,20.65,20.5,58.5,18.5,6888359,141038234.15
2021-06-03,20.6,21.4,20.6,20.5,20.85,20.75,58.5,18.5,13244168,277304493.7
2021-06-04,20.9,21.05,20.65,20.75,20.7,20.7,58.5,18.5,6381825,132405552.8
2021-06-07,20.8,21.1,20.7,20.7,20.75,20.75,58.5,18.65,11089610,231187037.2
2021-06-08,20.85,20.95,20.45,20.75,20.6,20.55,58.5,18.65,7084608,146263215.55
2021-06-09,20.7,20.75,20.2,20.55,20.3,20.3,58.5,18.65,12548814,257089347.05
2021-06-10,20.4,24.35,20.25,20.3,24.35,24.35,58.5,18.65,110047787,2521987356.35
2021-06-11,25.85,29.2,25.5,24.35,29.2,28.7,58.5,18.65,171972872,4767573963.1
2021-06-14,30.0,31.7,25.25,28.7,30.6,31.05,58.5,18.65,162451470,4719986283.1
2021-06-15,31.0,32.25,29.0,31.05,29.25,29.3,58.5,18.65,47114181,1441464675.95
2021-06-16,29.05,30.8,27.1,29.3,28.6,28.9,58.5,18.65,54581457,1581989968.4
2021-06-17,28.25,29.7,28.1,28.9,28.6,28.65,58.5,18.65,21530491,623403861.65
2021-06-18,29.05,29.3,26.05,28.65,27.65,27.6,58.5,18.65,22536266,620352714.65
2021-06-21,26.9,28.3,26.65,27.6,27.35,27.35,58.5,18.65,16700959,459988937.45
2021-06-22,27.5,28.65,27.35,27.35,27.6,27.6,58.5,18.65,15921756,444350133.4
2021-06-23,27.85,28.4,27.45,27.6,27.75,27.7,58.5,18.65,15865555,442060208.1
2021-06-24,28.15,28.3,26.9,27.7,27.1,27.1,58.5,18.65,10512567,288851112.55
2021-06-25,27.25,27.3,25.9,27.1,26.0,26.0,58.5,18.65,14134343,370999578.1
2021-06-28,26.1,26.25,25.05,26.0,25.15,25.15,58.5,18.65,13268996,337404168.85
2021-06-29,25.05,27.65,25.05,25.15,27.65,27.65,58.5,18.65,23076721,619610947.7
2021-06-30,28.55,28.9,26.65,27.65,27.3,27.05,58.5,18.65,26792128,743835973.55
2021-07-01,27.3,27.8,26.9,27.05,27.15,27.2,58.5,18.65,7217748,196681420.95
2021-07-02,27.35,27.45,26.55,27.2,26.75,26.7,58.5,18.65,9173014,247182289.15
2021-07-05,26.75,27.75,26.75,26.7,27.1,27.05,50.35,18.65,8829037,240417445.95
2021-07-06,27.15,27.6,26.6,27.05,26.8,26.7,50.35,18.65,8064356,218813469.2
2021-07-07,26.9,27.1,26.55,26.7,26.75,26.65,50.35,18.65,4725570,126437301.65
2021-07-08,26.9,28.2,26.65,26.65,27.35,27.3,50.35,18.65,16264364,446855283.85
2021-07-09,27.4,27.65,26.95,27.3,27.1,27.1,50.35,18.65,6329203,172301545.1
2021-07-12,27.55,29.15,27.1,27.1,28.35,28.45,44.3,18.65,22116238,621483510.45
2021-07-13,28.7,28.75,27.75,28.45,28.25,28.25,44.3,18.65,17204228,485433110.4
2021-07-14,28.3,29.1,27.75,28.25,28.25,28.4,44.3,18.65,21384583,606028857.45
2021-07-15,28.5,29.3,27.9,28.4,28.05,28.05,44.3,18.65,15482327,439978905.9
2021-07-16,28.2,28.25,27.6,28.05,27.7,27.8,44.3,18.65,10322543,288446534.6
2021-07-19,27.45,27.85,27.2,27.8,27.35,27.45,44.3,18.65,9529994,262187235.25
2021-07-20,25.65,26.3,25.25,27.45,25.5,25.4,44.3,18.65,25261513,648845883.05
2021-07-22,26.0,26.7,25.8,25.4,26.25,26.2,44.3,18.65,10447304,273770938.55
2021-07-23,26.45,26.5,25.35,26.2,25.55,25.5,44.3,18.65,8624532,222145128.95
2021-07-26,25.6,25.6,24.5,25.5,24.7,24.7,44.3,18.65,10880465,270492176.7
2021-07-27,24.9,25.6,24.75,24.7,24.95,24.95,44.3,18.65,9406606,235898554.45
2021-07-28,25.05,25.65,24.0,24.95,25.5,25.4,44.3,18.65,11953507,297373788.1
2021-07-29,25.45,25.5,24.8,25.4,24.85,24.85,44.3,18.65,5506096,137955371.15
2021-07-30,24.9,25.1,24.55,24.85,24.6,24.6,44.3,18.65,4400956,108930834.0
2021-08-02,24.35,24.9,24.35,24.6,24.5,24.5,44.3,18.65,5326708,130977797.15
2021-08-03,24.5,24.75,24.25,24.5,24.25,24.35,44.3,18.65,5993782,146353915.9
2021-08-04,24.3,24.45,23.65,24.35,23.7,23.7,44.3,18.65,6368151,152593597.9
2021-08-05,23.5,23.7,22.6,23.7,22.85,22.75,44.3,18.65,6701528,153176118.95
2021-08-06,23.3,24.45,23.3,22.75,23.8,23.75,44.3,18.65,8469394,202058501.95
2021-08-09,24.05,24.2,23.2,23.75,23.3,23.3,39.9,18.65,4817402,113828956.85
2021-08-10,23.4,23.45,22.4,23.3,22.65,22.65,39.9,18.65,5627611,128544655.8
2021-08-11,22.65,22.9,20.9,22.65,21.85,21.9,39.9,18.65,9153365,199162371.15
2021-08-12,22.1,22.6,21.9,21.9,22.45,22.35,39.9,18.65,3973827,88793294.75
2021-08-13,22.7,23.0,22.55,22.35,22.75,22.7,39.9,18.65,4331507,98543593.5
2021-08-16,22.9,22.9,22.0,22.7,22.05,22.1,36.8,18.65,4535870,101227290.25
2021-08-17,22.15,22.2,21.3,22.1,21.45,21.45,36.8,18.65,4894934,106018479.0
2021-08-18,21.65,22.2,21.5,21.45,21.8,21.8,36.8,18.65,4757613,103677069.75
2021-08-20,21.55,22.1,21.3,21.8,21.45,21.4,36.8,18.65,4905977,106014140.3
2021-08-23,21.5,21.7,20.65,21.4,20.8,20.85,35.8,18.65,5493778,115497405.4
2021-08-24,20.9,21.6,20.65,20.85,21.25,21.2,35.8,18.65,5450374,115468651.5
2021-08-25,21.4,21.65,21.1,21.2,21.2,21.25,35.8,18.65,3580385,76604669.35
2021-08-26,21.25,21.45,21.0,21.25,21.2,21.15,35.8,18.65,3604603,76354104.7
2021-08-27,21.3,22.45,21.1,21.15,22.1,22.05,35.8,18.65,8043961,175077884.1
2021-08-30,22.25,23.0,22.1,22.05,22.5,22.55,34.5,18.65,5761353,129868634.75
2021-08-31,22.6,22.6,21.95,22.55,22.15,22.15,34.5,18.65,3502513,77817569.8
2021-09-01,22.35,22.4,21.9,22.15,21.9,21.95,34.5,18.65,3474919,76712313.2
2021-09-02,22.0,22.45,21.9,21.95,22.25,22.2,34.5,18.65,4124115,91476408.55
2021-09-03,22.2,22.45,21.95,22.2,22.25,22.3,34.5,18.65,5884728,130751358.7
2021-09-06,22.4,25.75,22.3,22.3,24.4,24.35,33.2,18.65,54809968,1358540495.95
2021-09-07,24.45,24.6,23.15,24.35,23.4,23.3,33.2,18.65,12843083,304022300.15
2021-09-08,23.8,25.4,23.5,23.3,24.9,24.95,33.2,18.65,30781394,756098940.55
2021-09-09,25.0,25.8,24.8,24.95,24.9,24.95,33.2,18.65,15382316,387011051.5
2021-09-13,25.1,25.2,24.15,24.95,24.25,24.25,33.2,18.65,8153711,199354431.7
2021-09-14,24.25,24.7,23.65,24.25,23.8,23.75,33.2,18.65,10459249,252894750.9
2021-09-15,23.9,24.7,23.75,23.75,23.95,24.05,33.2,18.65,8748289,211022177.8
2021-09-16,24.2,24.7,23.8,24.05,24.1,24.1,33.2,18.65,8394540,202936202.2
2021-09-17,24.45,24.45,23.35,24.1,23.85,23.8,33.2,18.65,6984412,166350573.5
2021-09-20,23.6,24.0,22.75,23.8,23.05,23.0,32.25,18.65,7753834,182119042.35
2021-09-21,23.1,23.2,22.6,23.0,23.0,22.95,32.25,18.65,4742229,108623214.75
2021-09-22,23.0,23.5,22.9,22.95,23.1,23.1,32.25,18.65,5597172,129639778.6
2021-09-23,23.35,23.45,22.95,23.1,23.0,23.0,32.25,18.65,4588940,106397465.8
2021-09-24,23.1,23.2,22.7,23.0,22.85,22.75,32.25,18.65,3819816,87447777.45
2021-09-27,22.95,25.2,22.7,22.75,23.85,23.95,32.25,18.65,14368159,343528768.0
2021-09-28,24.0,24.45,23.6,23.95,23.85,23.85,32.25,18.65,7729985,185370961.45
2021-09-29,23.8,24.05,23.7,23.85,23.85,23.8,32.25,18.65,3746870,89487089.4
2021-09-30,23.9,24.25,23.75,23.8,23.8,23.8,32.25,18.65,4126816,98724578.1
2021-10-01,23.6,23.95,23.5,23.8,23.75,23.75,32.25,18.65,5275407,125576063.15
2021-10-04,23.85,24.9,23.85,23.75,24.05,24.1,32.25,18.7,9901721,240854301.05
2021-10-05,24.1,25.1,24.05,24.1,24.45,24.45,32.25,18.7,13084954,320757951.15
2021-10-06,24.75,25.15,24.05,24.45,24.2,24.15,32.25,18.7,12776303,313126291.35
2021-10-07,24.5,24.75,24.2,24.15,24.25,24.25,32.25,18.7,7486202,183014483.35
2021-10-08,24.4,24.55,24.2,24.25,24.2,24.25,32.25,18.7,5040912,122638610.85
2021-10-11,24.5,25.1,24.3,24.25,24.6,24.6,32.25,18.7,13330130,329251987.95
2021-10-12,24.7,26.8,24.55,24.6,26.45,26.4,32.25,18.7,42314387,1104137917.05
2021-10-13,26.65,27.4,25.8,26.4,26.2,26.3,32.25,18.7,40577162,1069824499.9
2021-10-14,26.35,27.0,25.9,26.3,25.95,26.1,32.25,18.7,17678034,466317957.55
2021-10-18,26.45,27.7,26.4,26.1,26.7,26.7,32.25,18.7,33652298,908679364.95
2021-10-19,24.7,25.65,23.5,26.7,23.75,23.7,32.25,18.7,39695453,968471596.75
2021-10-20,23.95,24.15,22.1,23.7,23.0,23.05,32.25,18.7,16491172,381553266.7
2021-10-21,23.35,24.0,23.1,23.05,23.4,23.4,32.25,18.7,10403247,244060201.0
2021-10-22,23.6,23.85,22.9,23.4,23.15,23.1,32.25,18.7,7522820,175316708.65
2021-10-25,23.3,23.35,22.6,23.1,22.75,22.75,32.25,18.7,6360523,145448014.3
2021-10-26,22.8,23.2,22.8,22.75,22.95,22.85,32.25,18.7,5123180,117411787.85
2021-10-27,22.95,23.1,22.65,22.85,22.75,22.7,32.25,18.7,4509537,102925064.75
2021-10-28,22.8,22.85,22.05,22.7,22.1,22.15,32.25,18.7,7006243,156168352.05
2021-10-29,22.15,22.4,21.8,22.15,22.0,22.0,32.25,18.7,6311649,139330585.75
2021-11-01,22.05,23.0,22.05,22.0,22.85,22.9,32.25,18.7,6726319,152200943.05
2021-11-02,23.1,23.35,22.8,22.9,22.85,22.9,32.25,18.7,4566444,105149591.9
2021-11-03,23.1,23.2,22.75,22.9,22.8,22.9,32.25,18.7,4263345,97833134.2
2021-11-04,23.0,23.1,22.85,22.9,23.05,23.0,32.25,18.7,1948111,44745168.65
2021-11-08,23.15,23.2,22.7,23.0,22.8,22.8,32.25,18.7,3858691,88290893.65
2021-11-09,22.85,23.1,22.75,22.8,22.9,22.9,32.25,18.7,4421801,101175347.35
2021-11-10,22.75,23.05,22.7,22.9,22.75,22.8,32.25,18.7,4146698,94902542.15
2021-11-11,22.8,22.85,22.3,22.8,22.6,22.55,32.25,18.7,3945965,89212187.1
2021-11-12,22.65,23.3,22.5,22.55,22.75,22.8,32.25,18.7,5032081,115217709.0
2021-11-15,23.0,23.1,22.4,22.8,22.4,22.5,32.25,18.7,3832883,86799396.3
2021-11-16,22.55,22.85,22.45,22.5,22.5,22.55,32.25,18.7,3419778,77310611.35
2021-11-17,22.55,22.8,22.35,22.55,22.35,22.45,32.25,18.7,4519703,101907474.9
2021-11-18,22.45,22.6,21.8,22.45,22.0,21.95,32.25,18.7,6168989,135977329.4
2021-11-22,22.05,22.05,21.05,21.95,21.4,21.2,32.25,18.7,6637734,142618142.6
2021-11-23,21.2,21.95,20.9,21.2,21.85,21.7,32.25,18.7,5359075,115452801.55
2021-11-24,21.9,22.2,21.5,21.7,21.65,21.7,32.25,18.7,5022243,109740344.65
2021-11-25,21.7,23.6,21.5,21.7,23.0,22.95,32.25,18.7,19466498,445829502.45
2021-11-26,22.85,23.45,22.35,22.95,22.45,22.45,32.25,18.7,12199373,278435605.8
2021-11-29,22.35,22.35,21.15,22.45,21.2,21.3,32.25,18.7,8185656,176918518.1
2021-11-30,21.3,21.9,21.25,21.3,21.4,21.35,32.25,18.7,6056841,130243815.45
2021-12-01,21.45,21.6,21.3,21.35,21.35,21.35,32.25,18.7,3220748,68942102.1
2021-12-02,21.4,21.6,21.25,21.35,21.45,21.4,32.25,18.7,3980916,85276994.5
2021-12-03,21.35,21.75,21.3,21.4,21.35,21.35,32.25,18.7,5197028,111624569.1
2021-12-06,21.0,22.55,20.9,21.35,21.6,21.45,32.25,18.7,11972493,260904103.5
2021-12-07,21.6,21.9,21.3,21.45,21.55,21.5,32.25,18.7,5922280,128139227.15
2021-12-08,21.6,22.2,21.6,21.5,21.8,21.8,32.25,18.7,8065353,176293819.2
2021-12-09,21.95,23.4,21.8,21.8,22.75,22.65,32.25,18.7,22741873,517127283.05
2021-12-10,22.65,23.75,22.55,22.65,23.35,23.35,32.25,18.7,19709286,458772637.55
2021-12-13,23.65,25.4,23.65,23.35,25.2,24.95,32.25,18.7,42023278,1032827608.25
2021-12-14,24.9,27.3,24.6,24.95,26.85,27.0,32.25,18.7,66837917,1755998368.85
2021-12-15,27.0,27.65,25.8,27.0,26.2,26.3,32.25,18.7,47210735,1260530681.4
2021-12-16,26.6,26.85,24.6,26.3,25.3,25.1,32.25,18.7,14686518,373395801.7
2021-12-17,25.3,25.3,23.65,25.1,24.15,23.9,32.25,18.7,12567877,303805508.6
2021-12-20,23.5,23.6,21.95,23.9,22.4,22.3,32.25,18.7,12893772,290661566.7
2021-12-21,22.8,24.2,22.7,22.3,23.75,23.6,32.25,18.7,11684960,276138037.5
2021-12-22,23.8,24.5,23.75,23.6,24.15,24.25,32.25,18.7,6729005,162168135.35
2021-12-23,24.45,25.15,24.25,24.25,24.85,24.85,32.25,18.7,11514886,285437808.05
2021-12-24,25.0,26.25,24.75,24.85,25.4,25.45,32.25,18.7,26980066,689417411.1
2021-12-27,25.3,26.1,24.7,25.45,25.4,25.35,32.25,18.7,13235382,336231713.35
2021-12-28,25.5,26.9,25.5,25.35,26.25,26.2,32.25,18.7,26936437,703707240.7
2021-12-29,26.35,26.8,25.6,26.2,25.7,25.85,32.25,18.7,23156549,605584050.2
2021-12-30,25.8,26.25,25.4,25.85,25.65,25.55,32.25,18.7,10688333,276167887.8
2021-12-31,25.75,26.35,25.6,25.55,25.7,25.75,32.25,18.7,11939544,309649845.2
2022-01-03,25.55,26.25,25.55,25.75,25.8,25.75,32.25,18.7,11088040,287490633.1
2022-01-04,26.0,26.15,25.2,25.75,25.4,25.35,32.25,18.7,15709063,403820087.5
2022-01-05,25.4,25.45,24.5,25.35,24.6,24.55,32.25,18.7,10807872,269424640.6
2022-01-06,24.4,27.7,24.1,24.55,26.7,26.7,32.25,18.7,58236083,1546757527.85
2022-01-07,26.9,27.45,26.1,26.7,26.4,26.55,32.25,18.7,25412595,681046643.75
2022-01-10,26.85,30.7,26.45,26.55,29.75,29.8,32.25,18.7,123293206,3619270877.75
2022-01-11,29.85,32.3,28.65,29.8,29.8,30.0,32.3,18.7,103553571,3184108188.25
2022-01-12,30.1,31.4,28.65,30.0,29.1,29.0,32.3,18.7,45625879,1371796883.05
2022-01-13,29.3,29.55,28.25,29.0,28.75,28.75,32.3,18.7,21988146,634902121.8
2022-01-14,28.6,30.9,28.4,28.75,30.05,30.05,32.3,18.7,40716393,1221829826.7
2022-01-17,30.3,35.8,30.15,30.05,34.0,34.0,35.8,18.7,157635595,5363555935.85
2022-01-18,34.8,35.7,31.65,34.0,32.1,32.05,35.8,18.7,76318738,2546016872.1
2022-01-19,32.25,34.65,30.85,32.05,32.3,32.25,35.8,18.7,116376291,3845050552.75
2022-01-20,32.7,33.75,32.3,32.25,32.7,32.55,35.8,18.7,39066573,1285204080.35
2022-01-21,32.5,33.15,30.95,32.55,31.65,31.55,35.8,18.7,38233992,1234397485.45
2022-01-24,31.6,32.05,28.3,31.55,28.8,28.9,35.8,18.7,47277021,1396287133.7
2022-01-25,28.45,30.5,27.3,28.9,29.7,29.7,35.8,18.7,47294920,1387452547.15
2022-01-27,29.15,30.65,28.7,29.7,30.2,30.2,35.8,18.7,32934936,989821150.3
2022-01-28,30.6,32.45,30.6,30.2,31.2,31.05,35.8,18.7,40637623,1278441023.6
2022-01-31,31.8,32.2,30.8,31.05,30.9,30.95,35.8,18.7,23144215,725415910.55
2022-02-01,31.7,31.7,29.85,30.95,30.05,30.1,35.8,18.7,22192550,677138243.85
2022-02-02,30.35,30.5,28.4,30.1,28.55,28.55,35.8,18.7,30719007,901408412.4
2022-02-03,28.7,29.65,28.4,28.55,29.35,29.25,35.8,18.7,27886117,810534445.35
2022-02-04,29.55,29.7,29.05,29.25,29.65,29.45,35.8,18.7,14874199,437120687.45
2022-02-07,29.5,29.75,28.4,29.45,28.75,28.65,35.8,18.7,13990301,404742747.3
2022-02-08,28.85,29.1,27.65,28.65,28.25,28.1,35.8,18.7,17072690,480971854.8
2022-02-09,28.4,28.65,27.65,28.1,27.8,27.8,35.8,18.7,13611035,380413565.15
2022-02-10,28.0,29.8,27.3,27.8,29.6,29.5,35.8,18.7,34603651,998776345.75
2022-02-11,29.0,30.35,28.6,29.5,29.3,29.35,35.8,18.7,34129648,1013191804.65
2022-02-14,28.4,28.65,26.9,29.35,27.1,27.3,35.8,18.7,23898349,668447586.8
2022-02-15,27.35,28.05,26.8,27.3,27.85,27.8,35.8,18.7,22212582,610575814.75
2022-02-16,28.1,28.6,27.65,27.8,27.95,27.95,35.8,18.7,17370053,487586168.85
2022-02-17,28.2,28.3,27.55,27.95,27.55,27.7,35.8,18.7,8641833,240768466.2
2022-02-18,27.55,27.9,26.8,27.7,26.9,26.95,35.8,18.7,8719905,238750763.55
2022-02-21,26.8,26.85,25.75,26.95,25.85,25.85,35.8,18.7,14216765,371181262.75
2022-02-22,24.9,25.1,24.25,25.85,24.45,24.45,35.8,18.7,17014248,419292044.25
2022-02-23,25.0,25.65,24.9,24.45,25.0,25.05,35.8,18.7,14067869,354248064.05
2022-02-24,23.5,24.15,21.6,25.05,21.9,21.9,35.8,18.7,28418382,648809335.25
2022-02-25,23.05,24.4,23.0,21.9,24.0,23.85,35.8,18.7,26129889,622897282.05
2022-02-28,23.5,24.2,22.75,23.85,24.0,24.0,35.8,18.7,17137576,405742590.5
2022-03-02,23.85,24.9,23.5,24.0,24.5,24.25,35.8,18.7,13696536,331593220.15
2022-03-03,24.85,25.2,24.25,24.25,24.3,24.45,35.8,18.7,10834427,266960784.6
2022-03-04,24.2,24.6,23.8,24.45,24.1,24.1,35.8,18.7,11076675,267437318.6
2022-03-07,23.5,23.55,22.95,24.1,23.35,23.25,35.8,18.7,11013650,256024913.0
2022-03-08,23.35,23.85,22.55,23.25,23.35,23.3,35.8,18.7,14035936,326539620.15
2022-03-09,23.7,25.0,23.45,23.3,24.65,24.55,35.8,18.7,15791300,382182027.15
2022-03-10,25.1,25.6,24.3,24.55,24.55,24.6,35.8,18.7,14946502,374378387.05
2022-03-11,24.45,24.7,24.1,24.6,24.4,24.4,35.8,18.7,8966107,218984856.85
2022-03-14,24.5,24.65,23.8,24.4,24.05,24.0,35.8,18.7,9119953,220649774.1
2022-03-15,24.15,24.9,23.7,24.0,23.9,23.95,35.8,18.7,14026671,340014146.1
2022-03-16,24.45,24.6,24.1,23.95,24.3,24.35,35.8,18.7,7687939,186960367.7
2022-03-17,24.85,24.85,24.45,24.35,24.6,24.6,35.8,18.7,8394059,206680523.8
2022-03-21,24.7,25.1,24.45,24.6,24.85,24.8,35.8,18.7,9181019,228057212.5
2022-03-22,24.75,26.15,24.55,24.8,25.65,25.6,35.8,18.7,18476357,471682183.45
2022-03-23,25.75,26.8,25.65,25.6,26.4,26.4,35.8,18.7,19571384,515890382.35
2022-03-24,26.3,26.9,25.7,26.4,26.1,26.0,35.8,18.7,10722754,281529574.45
2022-03-25,26.1,26.5,25.45,26.0,25.65,25.6,35.8,18.7,10003669,259843549.55
2022-03-28,25.6,25.8,24.65,25.6,24.95,24.75,35.8,18.7,10393753,259144529.75
2022-03-29,24.95,25.35,24.65,24.75,25.1,25.05,35.8,18.7,14188816,355010129.05
2022-03-30,25.35,26.25,25.25,25.05,25.75,25.8,35.8,18.7,19351434,499072344.35
2022-03-31,26.0,26.15,25.2,25.8,25.3,25.35,35.8,18.7,9752410,250221285.25
2022-04-01,25.5,26.6,25.4,25.35,26.45,26.3,35.8,18.7,16623433,435165393.2
2022-04-04,26.55,27.15,26.4,26.3,26.75,26.8,35.8,18.7,17583639,470147013.95
2022-04-05,27.05,28.8,26.8,26.8,28.75,28.45,35.8,18.7,40348817,1123538492.25
2022-04-06,28.55,29.25,28.3,28.45,28.5,28.45,35.8,18.7,24418102,701774523.45
2022-04-07,28.6,28.75,27.15,28.45,27.45,27.35,35.8,18.7,16591966,461130741.05
2022-04-08,27.65,29.25,27.45,27.35,29.1,28.85,35.8,18.7,29835362,852589956.8
2022-04-11,29.1,29.8,28.9,28.85,29.35,29.25,35.8,18.7,27109528,795617193.75
2022-04-12,29.2,29.4,28.15,29.25,28.65,28.6,35.8,18.7,18409113,527901778.2
2022-04-13,28.85,29.1,27.55,28.6,27.7,27.65,35.8,18.7,17092641,481621572.6
2022-04-18,24.6,25.85,24.1,27.65,25.1,25.05,35.8,18.7,30113992,759267202.5
2022-04-19,25.4,25.85,24.2,25.05,24.35,24.65,35.8,18.7,17624345,445508799.3
2022-04-20,25.0,25.05,24.5,24.65,24.6,24.55,35.8,18.7,9213344,227688441.6
2022-04-21,24.75,25.2,24.6,24.55,25.1,25.05,35.8,18.7,9642578,239726001.45
2022-04-22,24.85,25.05,24.5,25.05,24.7,24.65,35.8,18.7,12502637,309291869.95
2022-04-25,24.35,24.45,23.65,24.65,23.95,23.95,35.8,18.7,12396433,297080997.6
2022-04-26,24.25,24.4,23.65,23.95,23.9,23.85,35.8,18.7,8280175,198819739.7
2022-04-27,23.65,28.6,23.4,23.85,28.6,27.75,35.8,18.7,82065536,2168950429.2
2022-04-28,28.85,29.25,25.7,27.75,26.0,25.9,35.8,18.7,70241784,1932310742.35
2022-04-29,26.1,27.15,25.5,25.9,25.75,25.75,35.8,18.7,38136456,1005455925.45
2022-05-02,25.6,25.85,24.6,25.75,24.9,24.85,35.8,18.7,14657337,368806875.65
2022-05-04,25.1,25.25,23.45,24.85,24.05,23.9,35.8,18.7,16505554,401351882.85
2022-05-05,24.4,25.0,23.9,23.9,24.35,24.35,35.8,18.7,13515947,329698580.4
2022-05-06,23.7,24.3,23.5,24.35,24.05,23.9,35.8,18.7,12458854,298232734.85
2022-05-09,23.8,24.3,23.25,23.9,23.75,23.9,35.8,18.7,12048039,286109031.1
2022-05-10,23.75,24.3,22.5,23.9,22.8,22.75,35.8,18.7,13886871,323511731.2
2022-05-11,23.05,23.4,22.15,22.75,22.65,22.75,35.8,18.7,14550448,330746098.0
2022-05-12,22.35,22.4,21.5,22.75,21.7,21.65,35.8,18.7,16645649,364605691.8
2022-05-13,22.25,23.0,21.85,21.65,22.35,22.25,35.8,18.7,11639155,259692890.05
2022-05-16,22.55,23.0,22.35,22.25,22.95,22.85,35.8,20.0,8487975,192802139.85
2022-05-17,23.0,23.75,22.75,22.85,23.6,23.55,35.8,20.0,11842536,275340986.95
2022-05-18,23.7,23.85,22.9,23.55,23.15,23.1,35.8,20.0,8653757,201468367.3
2022-05-19,22.5,22.75,22.3,23.1,22.55,22.5,35.8,20.0,5676788,127848002.05
2022-05-20,22.75,23.35,22.75,22.5,23.05,23.0,35.8,20.0,8862962,204115115.1
2022-05-23,23.0,23.3,22.5,23.0,22.65,22.7,35.8,20.2,7743100,177010890.65
2022-05-24,22.7,22.9,22.1,22.7,22.35,22.25,35.8,20.2,7501548,168417003.3
2023-03-01,13.0,14.45,11.6,12.5,14.15,14.15,35.8,11.6,13416571,186309989.7
2023-03-02,14.45,14.45,13.6,14.15,13.9,13.9,35.8,11.6,4909270,68873214.55
2023-03-03,14.05,14.4,13.7,13.9,13.75,13.75,35.8,11.6,5109273,71291957.3
2023-03-06,13.9,14.0,13.35,13.75,13.35,13.4,35.8,11.6,3024369,41445385.95
2023-03-08,13.3,13.8,13.0,13.4,13.55,13.5,35.8,11.6,2574579,34571644.2
2023-03-09,13.55,13.65,13.1,13.5,13.25,13.2,35.8,11.6,2730705,36537173.45
2023-03-10,13.05,13.5,13.0,13.2,13.1,13.05,35.8,11.6,4181197,55111631.95
2023-03-13,13.15,13.15,12.3,13.05,12.55,12.45,35.8,11.6,2889152,36601456.25
2023-03-14,12.6,12.65,11.75,12.45,12.15,12.1,35.8,11.6,3824542,46586240.95
2023-03-15,12.2,13.7,12.2,12.1,12.85,12.75,35.8,11.6,26273638,346705097.1
2023-03-16,13.05,13.5,12.8,12.75,12.9,12.95,35.8,11.6,12565756,164479846.55
2023-03-17,13.35,13.35,12.8,12.95,13.0,12.95,35.8,11.6,4055938,52681912.65
2023-03-20,12.95,13.0,12.25,12.95,12.55,12.4,35.8,11.6,4020697,50466663.4
2023-03-21,12.55,12.85,12.2,12.4,12.45,12.5,35.8,11.6,3925653,49041027.75
2023-03-22,12.55,13.0,12.5,12.5,12.9,12.85,35.8,11.6,4476820,57189834.8
2023-03-23,12.8,13.1,12.45,12.85,12.65,12.55,35.8,11.6,3782993,48484219.55
2023-03-24,12.6,12.75,12.3,12.55,12.3,12.3,35.8,11.6,2887531,35972189.15
2023-03-27,12.4,12.45,11.5,12.3,11.55,11.6,35.8,11.5,5269555,62200742.75
2023-03-28,11.6,11.7,10.9,11.6,11.0,11.0,35.8,10.9,6089554,68196678.95
2023-03-29,11.0,11.95,10.9,11.0,11.2,11.1,35.8,10.9,13933193,158114918.65
2023-03-31,11.2,11.8,11.2,11.1,11.65,11.6,35.8,10.9,11698620,134477549.65
2023-04-03,11.75,12.5,11.4,11.6,12.25,12.25,35.8,10.9,10879820,129654437.95
2023-04-05,12.25,12.65,12.05,12.25,12.4,12.45,35.8,10.9,8317337,103166228.25
2023-04-06,12.5,12.9,12.3,12.45,12.75,12.75,35.8,10.9,6628591,84157270.3
2023-04-10,12.75,13.1,12.4,12.75,12.6,12.55,35.8,10.9,6970511,88898113.15
2023-04-11,12.7,12.8,12.15,12.55,12.35,12.3,35.8,10.9,5149187,64364051.5
2023-04-12,12.35,13.4,12.25,12.3,13.2,13.15,35.8,10.9,15718970,202842835.05
2023-04-13,13.2,13.4,12.75,13.15,12.9,12.95,35.8,10.9,7147769,92660226.55
2023-04-17,12.85,13.05,12.55,12.95,12.8,12.8,35.8,10.9,4984954,63957436.8
2023-04-18,12.85,13.0,12.5,12.8,12.6,12.55,35.8,10.9,5221243,66014891.2
2023-04-19,12.6,13.0,12.6,12.55,12.7,12.85,35.8,10.9,9208809,118129023.05
2023-04-20,11.75,12.4,11.4,12.85,12.0,11.95,35.8,10.9,21248918,255660875.85
2023-04-21,11.95,12.2,11.8,11.95,11.9,11.85,35.8,10.9,5081953,60659446.6
2023-04-24,11.95,12.15,11.85,11.85,11.85,11.85,35.8,10.9,4027725,48016609.6
2023-04-25,11.9,12.0,11.7,11.85,11.85,11.8,32.45,10.9,4157693,49197356.7
2023-04-26,11.9,11.95,11.75,11.8,11.95,11.85,32.2,10.9,4634269,54851565.45
2023-04-27,11.9,13.5,11.8,11.85,12.8,12.7,30.35,10.9,56875390,732910895.5
2023-04-28,12.8,12.95,12.5,12.7,12.65,12.6,29.8,10.9,10946678,138492261.35
2023-05-02,12.65,14.1,12.55,12.6,13.6,13.6,29.8,10.9,35555062,482596377.65
2023-05-03,13.45,13.55,13.05,13.6,13.15,13.1,29.8,10.9,10901024,144556919.9
2023-05-04,13.2,14.8,13.15,13.1,14.2,14.25,29.8,10.9,48014337,684253872.3
2023-05-05,14.15,14.65,13.65,14.25,14.05,14.0,29.8,10.9,18746958,264634446.1
2023-05-08,14.15,14.35,13.65,14.0,13.95,13.85,29.8,10.9,10034045,140815573.5
2023-05-09,13.95,14.2,13.45,13.85,13.7,13.65,29.8,10.9,7918999,109266350.9
2023-05-10,13.75,13.8,13.3,13.65,13.55,13.55,29.8,10.9,6227469,84228725.3
2023-05-11,13.65,14.1,13.45,13.55,13.55,13.55,29.8,10.9,8679529,118756765.6
2023-05-12,13.6,13.7,13.35,13.55,13.35,13.4,29.25,10.9,4538536,61285247.2
2023-05-15,13.45,13.5,13.15,13.4,13.25,13.2,29.25,10.9,4639986,61576278.35
2023-05-16,13.25,13.45,13.1,13.2,13.25,13.15,25.85,10.9,5533638,73319294.0
2023-05-17,13.2,13.3,12.9,13.15,13.1,13.05,24.3,10.9,5696545,74468996.45
2023-05-18,13.15,13.65,13.1,13.05,13.45,13.4,23.85,10.9,11938735,160261255.3
2023-05-19,13.5,13.6,13.05,13.4,13.05,13.1,23.85,10.9,7424343,97867654.45
2023-05-22,13.05,13.2,12.85,13.1,12.9,12.95,23.3,10.9,5497542,71351705.6
2023-05-23,13.0,13.15,12.9,12.95,12.95,12.95,23.3,10.9,4931331,63966324.4
2023-05-24,12.9,13.1,12.65,12.95,12.85,12.75,23.3,10.9,4885735,62887368.9
2023-05-25,12.75,12.9,12.6,12.75,12.8,12.75,23.3,10.9,4303135,54755444.75
2023-05-26,12.75,12.85,12.6,12.75,12.75,12.65,23.3,10.9,3563179,45312214.6
2023-05-29,12.7,13.0,12.65,12.65,12.85,12.8,14.8,10.9,4284124,54858566.5
2023-05-30,12.85,12.9,12.6,12.8,12.7,12.7,14.8,10.9,2371960,30244637.4
2023-05-31,12.65,13.55,12.6,12.7,13.45,13.45,14.8,10.9,11731352,154678431.1
2023-06-01,13.45,14.05,13.15,13.45,13.8,13.85,14.8,10.9,9293984,126722857.65
2023-06-02,13.85,14.3,13.55,13.85,13.65,13.8,14.8,10.9,9468347,131199636.8
2023-06-05,13.8,14.05,13.6,13.8,13.65,13.65,14.8,10.9,7121425,98393953.15
2023-06-06,13.7,13.8,13.5,13.65,13.55,13.55,14.8,10.9,3555029,48309965.4
2023-06-07,13.55,14.05,13.55,13.55,13.75,13.7,14.8,10.9,8755992,120927960.55
2023-06-08,13.75,15.05,13.7,13.7,14.4,14.4,15.05,10.9,59553530,875042253.6
2023-06-09,14.5,14.6,13.9,14.4,14.05,14.05,15.05,10.9,14347438,203087954.1
2023-06-12,14.15,14.6,13.85,14.05,14.2,14.15,15.05,10.9,13230643,187593792.85
2023-06-13,14.25,14.35,13.95,14.15,14.05,14.05,15.05,10.9,7526795,106160782.6
2023-06-14,14.1,14.65,14.0,14.05,14.1,14.15,15.05,10.9,13200845,188747210.45
2023-06-15,14.2,14.55,14.05,14.15,14.15,14.1,15.05,10.9,10301274,146806355.75
2023-06-16,14.2,15.5,14.15,14.1,15.5,15.4,15.5,10.9,46149346,691023799.65
2023-06-19,15.5,17.6,15.2,15.4,16.95,17.0,17.6,10.9,166073299,2799475123.0
2023-06-20,16.9,17.1,16.05,17.0,16.25,16.25,17.6,10.9,54626600,901830838.4
2023-06-21,16.4,18.15,16.3,16.25,18.1,17.9,18.15,10.9,116357650,2047626604.25
2023-06-22,18.15,19.3,17.8,17.9,18.1,18.25,19.3,10.9,204694561,3838041421.65
2023-06-23,18.25,18.3,17.2,18.25,17.65,17.55,19.3,10.9,34148848,601109302.85
2023-06-26,17.9,18.65,17.55,17.55,18.05,18.05,19.3,10.9,14586637,263001700.25
2023-06-27,18.15,18.2,17.3,18.05,17.6,17.5,19.3,10.9,7945227,140382487.1
2023-06-28,17.7,17.75,16.85,17.5,16.95,16.95,19.3,10.9,8396572,143790786.75
2023-06-30,17.0,17.15,16.25,16.95,16.45,16.35,19.3,10.9,8187399,135757010.55
2023-07-03,16.7,16.95,16.4,16.35,16.75,16.65,19.3,10.9,7527964,125508898.65
2023-07-04,16.8,17.6,16.5,16.65,16.75,16.6,19.3,10.9,18787507,320236076.4
2023-07-05,16.75,17.25,16.55,16.6,16.65,16.7,19.3,10.9,13614581,229474484.65
2023-07-06,16.75,17.05,16.6,16.7,16.75,16.75,19.3,10.9,10020079,168106614.45
2023-07-07,16.75,16.9,16.3,16.75,16.5,16.45,19.3,10.9,11145629,184560176.9
2023-07-10,16.55,16.7,16.1,16.45,16.25,16.2,19.3,10.9,9412933,153940705.05
2023-07-11,16.3,16.45,15.8,16.2,15.95,15.9,19.3,10.9,9417099,151841556.75
2023-07-12,16.0,16.6,15.85,15.9,15.95,16.0,19.3,10.9,9714111,157335525.2
2023-07-13,16.1,16.25,15.6,16.0,15.85,15.75,19.3,10.9,5186570,82730627.65
2023-07-14,15.85,15.95,15.6,15.75,15.85,15.8,19.3,10.9,4757395,75001109.1
2023-07-17,15.9,16.3,15.8,15.8,16.05,16.1,19.3,10.9,7032476,113205213.8
2023-07-18,16.15,16.2,15.8,16.1,15.95,15.95,19.3,10.9,4452692,71104430.45
2023-07-19,15.95,16.15,15.75,15.95,16.0,16.0,19.3,10.9,6347044,101301007.95
2023-07-20,15.4,15.55,15.2,16.0,15.35,15.3,19.3,10.9,14196660,218296180.65
2023-07-21,15.3,15.5,15.2,15.3,15.3,15.25,19.3,10.9,5581772,85423970.15
2023-07-24,15.1,15.35,14.8,15.25,14.9,14.9,19.3,10.9,7667837,115380943.0
2023-07-25,15.0,15.25,14.9,14.9,15.15,15.05,19.3,10.9,5566360,83826214.45
2023-07-26,15.15,15.25,15.0,15.05,15.0,15.0,19.3,10.9,4125368,62275281.15
2023-07-27,15.0,15.2,15.0,15.0,15.1,15.05,19.3,10.9,3693183,55706350.4
2023-07-28,15.1,15.2,14.7,15.05,14.9,14.85,19.3,10.9,4675365,69826901.2
2023-07-31,14.8,15.0,14.55,14.85,14.7,14.6,19.3,10.9,10250914,151057413.35
2023-08-01,14.7,15.8,14.65,14.6,15.45,15.4,19.3,10.9,31275301,483693439.0
2023-08-02,15.15,15.75,15.1,15.4,15.5,15.45,19.3,10.9,12424877,191995316.35
2023-08-03,15.55,15.7,15.15,15.45,15.25,15.3,19.3,10.9,9640942,148201381.0
2023-08-04,15.35,15.5,15.2,15.3,15.3,15.3,19.3,10.9,5096314,78246036.3
2023-08-07,15.35,15.4,15.1,15.3,15.15,15.2,19.3,10.9,4774428,72845434.45
2023-08-08,15.25,16.15,15.15,15.2,15.5,15.55,19.3,10.9,21681851,340502546.95
2023-08-09,15.55,15.9,15.4,15.55,15.55,15.5,19.3,10.9,8637393,134613038.3
2023-08-10,15.5,16.75,15.5,15.5,16.4,16.4,19.3,10.9,39319168,640488225.8
2023-08-11,16.5,16.5,15.8,16.4,15.85,15.9,19.3,10.9,13735746,221448288.05
2023-08-14,16.0,16.0,15.55,15.9,15.65,15.6,19.3,10.9,7335942,115115534.9
2023-08-16,15.7,16.1,15.65,15.6,15.75,15.8,19.3,10.9,11118126,176289763.4
2023-08-17,15.9,16.3,15.7,15.8,16.3,16.1,19.3,10.9,10330555,164686670.85
2023-08-18,16.3,17.45,16.2,16.1,17.0,16.95,19.3,10.9,70136133,1195481324.85
2023-08-21,17.15,17.4,16.9,16.95,16.95,17.0,19.3,10.9,23969619,410725649.65
2023-08-22,17.05,17.3,16.65,17.0,17.05,17.05,19.3,10.9,19817055,337133672.95
2023-08-23,17.1,18.65,17.0,17.05,18.55,18.45,19.3,10.9,93478809,1699570619.2
2023-08-24,18.65,18.85,17.3,18.45,17.5,17.55,19.3,10.9,46593443,834241880.45
2023-08-25,17.4,17.95,17.15,17.55,17.5,17.6,19.3,10.9,31900749,558785268.8
2023-08-28,17.5,17.95,17.5,17.6,17.55,17.65,19.3,10.9,15329181,271460111.5
2023-08-29,17.75,18.45,17.6,17.65,17.9,17.8,19.3,10.9,35405203,638359860.9
2023-08-30,18.0,18.25,17.8,17.8,17.85,17.85,19.3,10.9,18570278,333659542.7
2023-08-31,18.0,20.2,17.95,17.85,19.9,19.85,20.2,10.9,173795875,3399352569.1
2023-09-01,20.25,20.95,19.65,19.85,19.85,19.9,20.95,10.9,128775348,2622576651.5
2023-09-04,20.25,20.85,19.55,19.9,20.5,20.4,20.95,10.9,88007253,1784153186.95
2023-09-05,20.7,21.45,19.75,20.4,21.35,20.95,21.45,10.9,45451977,936108348.75
2023-09-06,21.2,21.9,20.75,20.95,21.45,21.7,21.9,10.9,65484771,1398415785.2
2023-09-07,21.6,22.3,21.05,21.7,21.85,21.9,22.3,10.9,45228246,983426877.6
2023-09-08,21.9,22.4,21.1,21.9,21.45,21.5,22.4,10.9,37617875,820110151.7
2023-09-11,21.6,21.7,20.3,21.5,20.5,20.6,22.4,10.9,28303695,595797817.35
2023-09-12,20.7,20.85,18.1,20.6,18.4,18.3,22.4,10.9,43631632,839734733.1
2023-09-13,18.5,19.35,18.25,18.3,19.3,19.25,22.4,10.9,38026541,716708656.7
2023-09-14,19.35,19.8,19.35,19.25,19.5,19.45,22.4,10.9,16046208,313770598.75
2023-09-15,19.6,19.8,18.9,19.45,19.15,19.1,22.4,10.9,18569448,358306123.45
2023-09-18,19.35,19.45,19.1,19.1,19.25,19.25,22.4,10.9,15137564,291234197.55
2023-09-20,19.2,20.0,19.0,19.25,19.4,19.35,22.4,10.9,19682294,384644330.65
2023-09-21,19.35,19.65,18.75,19.35,18.95,18.95,22.4,10.9,10490113,201271881.0
2023-09-22,19.0,19.25,18.55,18.95,18.6,18.7,22.4,10.9,9947129,187489703.8
2023-09-25,18.8,18.9,18.4,18.7,18.5,18.55,22.4,10.9,7703875,143526968.1
2023-09-26,18.6,18.95,18.55,18.55,18.75,18.7,22.4,10.9,6076853,113902205.75
2023-09-27,18.8,18.85,18.5,18.7,18.7,18.7,22.4,10.9,4012587,74897273.0
2023-09-28,18.75,19.35,18.7,18.7,19.05,19.0,22.4,10.9,14317392,272852853.3
2023-09-29,19.15,19.25,18.8,19.0,18.95,18.95,22.4,10.9,6085472,115482452.3
2023-10-03,18.9,19.1,18.75,18.95,18.85,18.8,22.4,10.9,5380227,101478910.05
2023-10-04,18.7,18.75,18.1,18.8,18.3,18.3,22.4,10.9,8142944,149963084.25
2023-10-05,18.5,18.6,18.2,18.3,18.5,18.45,22.4,10.9,7803860,143864483.95
2023-10-06,18.5,18.9,18.3,18.45,18.6,18.7,22.4,10.9,8722732,162045291.35
2023-10-09,18.1,18.4,17.65,18.7,17.75,17.7,22.4,10.9,9638915,172132839.55
2023-10-10,17.85,18.25,17.8,17.7,18.0,17.9,22.4,10.9,7481630,134455115.05
2023-10-11,18.0,18.4,18.0,17.9,18.15,18.1,22.4,10.9,5796378,105425058.35
2023-10-12,18.2,18.95,18.2,18.1,18.65,18.65,22.4,10.9,11369393,211576793.25
2023-10-13,18.5,19.45,18.4,18.65,19.25,19.15,22.4,10.9,19975866,380871793.2
2023-10-16,19.3,20.5,19.15,19.15,19.95,19.95,22.4,11.2,46559797,931978261.35
2023-10-17,20.1,20.35,19.5,19.95,19.7,19.7,22.4,11.2,13604334,270937340.2
2023-10-18,19.7,19.85,18.9,19.7,19.0,18.95,22.4,11.2,11179333,214409188.1
2023-10-19,18.95,20.2,18.75,18.95,20.1,20.0,22.4,11.2,28229318,555322277.3
2023-10-20,20.0,20.35,19.3,20.0,19.5,19.4,22.4,11.2,14323122,282907787.5
2023-10-23,19.55,19.75,17.55,19.4,17.7,17.7,22.4,11.4,17311778,318603311.7
2023-10-25,17.7,18.25,16.7,17.7,17.2,17.2,22.4,11.4,13059545,228335940.4
2023-10-26,16.95,17.15,16.1,17.2,17.0,16.9,22.4,11.4,16884848,280320358.8
2023-10-27,17.15,17.7,17.1,16.9,17.6,17.6,22.4,11.4,8007889,139542507.4
2023-10-30,17.6,17.8,17.2,17.6,17.35,17.35,22.4,11.4,6767032,117757529.1
2023-10-31,17.45,17.8,17.25,17.35,17.4,17.4,22.4,11.4,6122419,106740721.15
2023-11-01,17.45,17.6,17.1,17.4,17.25,17.25,22.4,11.4,5649257,97971899.35
2023-11-02,17.35,17.75,17.25,17.25,17.35,17.4,22.4,11.4,7540520,131680194.9
2023-11-03,17.8,18.3,17.6,17.4,17.8,17.75,22.4,11.4,13071674,233841050.45
2023-11-06,17.9,18.65,17.85,17.75,18.45,18.45,22.4,11.4,15721451,288395749.1
2023-11-07,18.55,19.9,18.15,18.45,19.55,19.6,22.4,11.4,47560551,921301563.75
2023-11-08,19.8,19.9,19.15,19.6,19.25,19.3,22.4,11.4,19347761,376183095.75
2023-11-09,19.3,19.4,18.5,19.3,18.8,18.75,22.4,11.4,11259125,214367349.4
2023-11-10,18.75,18.95,18.55,18.75,18.8,18.75,22.4,11.4,7686138,144152333.3
2023-11-12,18.9,19.0,18.8,18.75,18.85,18.85,22.4,11.4,2366692,44713190.45
2023-11-13,18.8,19.45,18.65,18.85,19.4,19.3,22.4,11.4,13930770,267131988.0
2023-11-15,19.55,19.85,19.3,19.3,19.45,19.4,22.4,11.4,13712990,267795859.3
2023-11-16,19.6,21.6,19.45,19.4,21.45,21.3,22.4,11.4,93603090,1961430358.75
2023-11-17,21.5,21.65,20.75,21.3,21.0,21.05,22.4,11.4,34513393,731085967.8
2023-11-20,21.3,22.5,20.9,21.05,21.05,21.1,22.5,11.4,63905789,1393303270.35
2023-11-21,21.25,21.45,20.45,21.1,20.6,20.6,22.5,11.4,22020593,457246412.35
2023-11-22,20.65,20.75,19.85,20.6,20.15,20.1,22.5,11.4,17743544,359643579.75
2023-11-23,20.35,20.65,20.2,20.1,20.25,20.3,22.5,11.4,13635745,277942748.45
2023-11-24,20.4,20.85,19.95,20.3,20.2,20.05,22.5,11.4,16837701,342817301.8
2023-11-28,20.2,20.45,19.9,20.05,20.4,20.3,22.5,11.4,12551738,252926528.4
2023-11-29,20.4,20.6,19.9,20.3,20.0,20.0,22.5,11.4,13167507,265873750.9
2023-11-30,20.15,20.15,19.5,20.0,19.65,19.65,22.5,11.4,10640957,209694930.25
2023-12-01,19.8,20.15,19.55,19.65,19.6,19.7,22.5,11.4,10921088,216634063.75
2023-12-04,20.3,20.35,19.8,19.7,20.15,20.15,22.5,11.4,17365121,349368297.3
2023-12-05,20.2,20.4,19.7,20.15,19.95,19.95,22.5,11.4,11753204,235297872.85
2023-12-06,20.05,21.05,19.85,19.95,20.25,20.2,22.5,11.4,31594818,647741574.8
2023-12-07,20.4,21.35,20.2,20.2,20.75,20.65,22.5,11.4,33703654,701570239.45
2023-12-08,21.0,23.8,20.6,20.65,23.7,23.3,23.8,11.4,161040735,3640401246.1
2023-12-11,23.9,24.25,23.15,23.3,23.4,23.35,24.25,11.4,51179534,1204693443.1
2023-12-12,23.5,24.85,22.65,23.35,23.0,23.0,24.85,11.4,80378426,1920455297.85
2023-12-13,23.25,23.5,22.4,23.0,22.95,22.9,24.85,11.4,22874379,522120127.15
2023-12-14,23.3,23.4,22.5,22.9,22.65,22.65,24.85,11.4,15034520,343579058.7
2023-12-15,22.8,23.6,22.6,22.65,22.9,22.95,24.85,11.4,25412345,586624920.95
2023-12-18,22.95,23.0,22.5,22.95,22.6,22.6,24.85,11.4,14262406,323867144.4
2023-12-19,22.7,23.4,22.65,22.6,23.0,22.95,24.85,11.4,18552117,427614156.75
2023-12-20,23.05,23.85,20.5,22.95,20.95,20.85,24.85,11.4,43880495,975817779.4
2023-12-21,20.85,21.75,20.5,20.85,21.55,21.55,24.85,11.4,21870898,465858906.55
2023-12-22,21.65,21.9,21.2,21.55,21.7,21.65,24.85,11.4,12807053,276828059.0
2023-12-26,21.8,21.95,21.5,21.65,21.85,21.85,24.85,11.4,9732571,211734654.25
2023-12-27,22.0,22.05,21.35,21.85,21.5,21.5,24.85,11.4,9243474,200075753.9
2023-12-28,21.7,21.7,21.05,21.5,21.15,21.2,24.85,11.4,8939279,191040884.3
2023-12-29,21.35,21.65,21.1,21.2,21.35,21.35,24.85,11.4,12044912,257191065.55
2024-01-01,21.4,21.85,21.4,21.35,21.6,21.5,24.85,11.4,10352267,223153067.6
2024-01-02,21.65,25.8,21.0,21.5,25.8,25.8,25.8,11.4,93697408,2270144548.4
2024-01-03,27.45,29.1,27.0,25.8,27.7,27.65,29.1,11.4,215644507,6038618707.8
2024-01-04,28.2,28.25,26.8,27.65,27.2,27.15,29.1,11.4,62997398,1718757784.5
2024-01-05,27.5,32.55,27.4,27.15,32.55,32.3,32.55,11.4,344757127,10729926737.3
2024-01-08,33.4,35.5,33.1,32.3,35.5,35.5,35.5,11.7,42721219,1488514626.15
2024-01-09,37.5,39.05,35.85,35.5,37.1,37.05,39.05,11.7,186790122,7043255343.95
2024-01-10,37.6,38.4,36.4,37.05,37.5,37.5,39.05,11.7,71780749,2683291429.1
2024-01-11,37.8,38.75,36.5,37.5,36.9,36.8,39.05,11.7,50418947,1889546503.65
2024-01-12,36.95,37.25,33.7,36.8,34.75,34.5,39.05,11.7,55325695,1926189311.0
2024-01-15,35.15,35.85,33.8,34.5,34.1,34.05,39.05,11.7,28395773,980722649.6
2024-01-16,34.2,34.35,31.25,34.05,32.55,32.5,39.05,11.7,33764787,1106107312.45
2024-01-17,32.3,34.0,31.55,32.5,32.8,33.1,39.05,11.7,31474430,1044066795.85
2024-01-18,31.0,31.45,29.8,33.1,31.2,31.05,39.05,11.7,45270398,1387618254.85
2024-01-19,31.6,32.6,31.6,31.05,31.95,31.9,39.05,11.7,20994756,672939757.85
2024-01-20,32.5,32.55,31.4,31.9,31.7,31.65,39.05,11.7,10789226,342277604.45
2024-01-23,31.9,32.15,30.0,31.65,30.2,30.1,39.05,11.7,17720522,540556950.95
2024-01-24,30.3,33.1,29.05,30.1,33.1,33.0,39.05,11.7,49794980,1585073466.5
2024-01-25,32.8,33.6,32.05,33.0,32.25,32.25,39.05,11.7,21213985,693752120.5
2024-01-29,32.5,32.85,31.8,32.25,32.0,32.05,39.05,11.75,16312280,528270629.85
2024-01-30,32.35,32.45,31.3,32.05,31.65,31.6,39.05,11.75,10906221,345756266.7
2024-04-23,27.8,27.8,27.1,27.4,27.4,27.4,39.05,12.6,5040344,138652546.6
2024-04-24,27.55,28.5,27.4,27.4,27.75,27.7,39.05,12.6,6124687,171008010.45
2024-04-25,27.55,27.9,27.5,27.7,27.6,27.6,39.05,12.6,3637311,100544975.0
2024-04-26,27.8,27.85,27.25,27.6,27.6,27.55,39.05,12.6,4815220,132640119.55
2024-04-29,27.75,28.4,27.5,27.55,27.6,27.55,39.05,12.6,7261537,202290096.75
2024-04-30,27.75,27.95,27.25,27.55,27.4,27.3,39.05,12.6,3715817,101931083.65
2024-05-02,27.4,27.55,26.75,27.3,27.05,26.95,39.05,12.6,5166350,139707589.1
2024-05-03,27.1,27.65,26.8,26.95,27.0,27.0,39.05,12.6,3711970,100241840.05
2024-05-06,27.15,27.2,26.4,27.0,26.65,26.6,39.05,12.6,3227570,85985239.1
2024-05-07,26.55,26.65,26.1,26.6,26.2,26.15,39.05,12.6,4790379,125792274.0
2024-05-08,26.15,26.75,26.05,26.15,26.3,26.2,39.05,12.6,2967160,78357138.7
2024-05-09,26.3,26.4,25.6,26.2,25.7,25.75,39.05,12.6,3221870,83701647.85
2024-05-10,25.8,26.1,25.65,25.75,26.05,26.0,39.05,12.6,3308664,85637322.3
2024-05-13,26.1,26.2,25.05,26.0,25.5,25.5,39.05,12.6,4626898,117507943.35
2024-05-14,25.6,26.55,25.6,25.5,26.3,26.2,39.05,12.6,3824357,99939467.0
2024-05-15,26.4,27.4,26.35,26.2,26.85,26.7,39.05,12.6,6327194,170696393.85
2024-05-16,26.85,27.3,26.5,26.7,27.0,26.9,39.05,12.6,4649387,124976546.95
2024-05-17,27.0,27.15,26.7,26.9,26.85,26.75,39.05,12.6,2549395,68571539.9
2024-05-18,26.75,27.05,26.35,26.75,26.75,26.65,39.05,12.6,1397476,37346728.5
2024-05-21,26.7,27.45,26.35,26.65,26.65,26.65,39.05,12.6,5210683,140116096.0
2024-05-22,26.65,27.35,26.6,26.65,26.85,26.75,39.05,12.6,5603895,151029621.65
2024-05-23,26.8,27.0,26.45,26.75,26.6,26.5,39.05,12.6,3890366,103755783.6
2024-05-24,26.55,26.7,26.35,26.5,26.45,26.35,39.05,12.6,3962406,105042741.1
2024-05-27,26.4,26.65,26.05,26.35,26.15,26.1,39.05,12.6,5027247,131830887.35
2024-05-28,26.1,26.3,25.8,26.1,25.9,25.85,39.05,12.6,3677070,95644548.1
2024-05-29,25.8,26.9,25.55,25.85,26.2,26.5,39.05,12.6,7391897,193825296.3
2024-05-30,26.3,26.3,25.55,26.5,25.7,25.65,39.05,12.6,4976168,128451147.6
2024-05-31,25.8,25.95,25.2,25.65,25.3,25.5,39.05,12.6,7180018,183439503.45
2024-06-03,26.75,26.75,25.65,25.5,25.7,25.75,39.05,13.5,7822230,203514073.0
2024-06-04,25.85,25.95,24.5,25.75,24.5,24.5,39.05,13.5,8791267,217761588.1
2024-06-05,24.5,24.55,23.3,24.5,24.4,24.35,39.05,13.5,8137056,195592135.1
2024-06-06,24.55,25.55,24.5,24.35,25.55,25.55,39.05,13.5,2880259,73153961.35
2024-06-07,25.95,26.35,25.65,25.55,26.0,26.0,39.05,13.5,7495738,194930978.65
2024-06-10,26.35,27.3,26.2,26.0,26.65,26.58,39.05,13.85,12112498,325092938.19
2024-06-11,26.8,27.72,26.32,26.58,27.2,27.22,39.05,13.85,14950982,404552735.9
2024-06-12,27.44,28.45,27.2,27.22,27.74,27.7,39.05,13.85,18389009,513005546.8
2024-06-13,27.94,28.34,27.25,27.7,27.79,27.72,39.05,13.85,10719945,297871937.08
2024-06-14,27.86,28.08,27.4,27.72,27.54,27.54,39.05,13.85,7296462,201404279.46
2024-06-18,27.55,28.39,27.34,27.54,27.38,27.38,39.05,14.55,8732776,242198364.48
2024-06-19,27.53,30.0,26.9,27.38,29.58,29.52,39.05,14.55,55783782,1615067990.92
2024-06-20,29.58,29.68,28.3,29.52,28.46,28.44,39.05,14.55,24292879,700598107.62
2024-06-21,28.52,28.8,27.89,28.44,28.3,28.23,39.05,14.55,18366106,521206573.7
2024-06-24,28.27,29.14,27.78,28.23,28.37,28.32,39.05,14.55,15204473,432706343.99
2024-06-25,28.81,29.05,27.85,28.32,27.98,27.96,39.05,14.55,11469657,325128462.88
2024-06-26,28.04,29.3,27.8,27.96,28.6,28.64,39.05,14.55,20531400,586047303.34
2024-06-27,28.64,29.09,27.38,28.64,27.7,27.8,39.05,14.55,14270967,401389242.85
2024-06-28,27.95,28.95,27.76,27.8,28.02,27.92,39.05,14.55,13569438,383762127.42
2024-07-01,28.06,29.66,27.84,27.92,29.39,29.35,39.05,14.55,37366648,1091071425.72
2024-07-02,29.41,29.85,28.48,29.35,28.84,28.8,39.05,14.55,17991719,523743478.04
2024-07-03,29.0,29.19,28.51,28.8,28.62,28.56,39.05,14.55,10462596,300910981.0
2024-07-04,28.69,28.79,28.16,28.56,28.25,28.23,39.05,14.55,9201049,261150095.7
2024-07-05,28.0,28.47,27.96,28.23,28.33,28.28,39.05,14.55,9105841,257057208.81
2024-07-08,28.4,28.64,27.79,28.28,27.95,27.97,39.05,14.55,9876040,277378254.06
2024-07-09,28.03,28.59,27.8,27.97,27.85,27.87,39.05,14.55,8380941,235843382.18
2024-07-10,27.98,28.04,26.89,27.87,27.55,27.5,39.05,14.55,8147779,223598385.78
2024-07-11,27.5,27.9,27.27,27.5,27.37,27.36,39.05,14.55,6933287,190928541.99
2024-07-12,27.49,27.58,26.91,27.36,27.05,27.05,39.05,14.55,8180324,222569155.63
2024-07-15,27.14,27.49,26.5,27.05,27.33,27.24,39.05,14.55,9518205,257254907.45
2024-07-16,27.38,27.6,26.8,27.24,26.99,26.99,39.05,14.55,7386760,200489523.24
2024-07-18,26.2,26.45,25.6,26.99,25.92,25.89,39.05,14.55,15721454,408236991.79
2024-07-19,26.0,26.2,25.05,25.89,25.27,25.19,39.05,14.55,11598372,296743291.08
2024-07-22,25.19,25.85,24.85,25.19,25.78,25.67,39.05,14.55,6718669,171458954.75
2024-07-23,25.87,25.92,24.61,25.67,25.42,25.37,39.05,14.55,8903777,226119096.74
2024-07-24,25.4,27.27,25.35,25.37,27.04,27.07,39.05,14.55,31327734,839831468.68
2024-07-25,26.64,27.4,26.25,27.07,26.53,26.37,39.05,14.55,17799512,478629978.74
2024-07-26,26.86,27.37,26.57,26.37,26.8,26.77,39.05,14.55,10309903,277069541.94
2024-07-29,26.97,27.9,26.8,26.77,26.96,26.9,39.05,14.55,14205439,388462337.35
2024-07-30,26.89,27.6,26.55,26.9,27.27,27.19,39.05,14.55,12967633,350277421.34
2024-07-31,27.25,27.55,26.9,27.19,26.96,26.93,39.05,14.55,8141211,220861201.03
2024-08-01,26.93,27.14,26.35,26.93,26.57,26.55,39.05,14.55,7102379,189873439.92
2024-08-02,26.29,26.55,25.94,26.55,26.22,26.19,39.05,14.55,6125501,160942200.78
2024-08-05,25.59,25.75,24.8,26.19,24.96,24.91,39.05,15.1,11892818,299443041.25
2024-08-06,25.02,26.4,24.96,24.91,25.18,25.07,39.05,15.1,19976921,513841909.4
2024-08-07,25.88,26.44,25.56,25.07,26.4,26.29,39.05,15.1,18653727,486479566.36
2024-08-08,26.36,26.9,26.01,26.29,26.14,26.07,39.05,15.1,11243144,297400349.77
2024-08-09,26.25,26.43,25.72,26.07,25.9,25.82,39.05,15.1,5900043,153313399.55
2024-08-12,25.77,26.23,24.94,25.82,25.78,25.6,39.05,15.55,16326164,416361083.63
2024-08-13,25.69,26.05,24.98,25.6,25.05,25.07,39.05,15.55,9409365,239775916.94
2024-08-14,25.24,25.29,24.48,25.07,25.11,25.05,39.05,15.55,8187619,203656412.67
2024-08-16,25.05,25.5,24.92,25.05,25.2,25.3,39.05,15.55,9181334,231566713.06
2024-08-19,25.38,25.63,25.14,25.3,25.34,25.29,39.05,16.1,7533696,191153675.22
2024-08-20,25.35,25.84,25.27,25.29,25.5,25.39,39.05,16.1,6806411,173570989.54
2024-08-21,25.6,29.3,25.44,25.39,27.99,28.1,39.05,16.1,177437697,5011974069.15
2024-08-22,28.23,29.5,27.88,28.1,29.16,29.17,39.05,16.1,140902237,4059928923.36
2024-08-23,29.3,29.79,28.0,29.17,28.33,28.26,39.05,16.1,106880394,3103233831.51
2024-08-26,28.5,28.88,27.72,28.26,27.94,27.87,39.05,16.1,65496724,1848775185.56
2024-08-27,27.97,28.74,27.71,27.87,28.47,28.43,39.05,16.1,48303882,1361011330.56
2024-08-28,28.54,29.15,27.41,28.43,27.8,27.75,39.05,16.1,36787108,1042946878.67
2024-08-29,27.95,28.36,27.32,27.75,27.83,27.8,39.05,16.1,32913510,911767137.92
2024-08-30,27.85,27.92,27.0,27.8,27.14,27.3,39.05,16.1,15774208,434405136.56
2024-09-02,27.26,27.3,26.46,27.3,26.64,26.63,39.05,16.1,14772863,395445889.12
2024-09-03,26.61,26.95,26.4,26.63,26.94,26.85,39.05,16.1,13005106,347902180.64
2024-09-04,26.6,28.14,26.53,26.85,26.99,27.0,39.05,16.1,38280358,1050659746.65
2024-09-05,27.19,28.3,26.81,27.0,28.14,28.14,39.05,16.1,50679509,1406524303.37
2024-09-06,28.24,28.25,27.0,28.14,27.22,27.19,39.05,16.1,27518719,757192735.62
2024-09-09,27.18,27.25,26.42,27.19,26.65,26.69,39.05,16.1,18752101,500137469.07
2024-09-10,26.74,27.04,26.51,26.69,26.65,26.62,39.05,16.1,13748497,367495743.05
2024-09-11,26.72,26.99,26.0,26.62,26.1,26.14,39.05,16.1,16134365,428758562.31
2024-09-12,26.34,26.48,26.0,26.14,26.03,26.05,39.05,16.1,12858316,336471628.79
2024-09-13,26.19,26.65,26.05,26.05,26.44,26.36,39.05,16.1,9971621,262878285.13
2024-09-16,26.36,26.62,26.08,26.36,26.2,26.14,39.05,16.1,10899080,286691830.05
2024-09-17,26.2,26.37,25.54,26.14,25.73,25.69,39.05,16.1,12544778,325142470.57
2024-09-18,25.8,26.15,25.44,25.69,25.7,25.68,39.05,16.1,14125807,364299635.39
2024-09-19,25.8,25.95,24.94,25.68,25.6,25.42,39.05,16.1,15510015,394107368.4
2024-09-20,25.75,25.76,25.32,25.42,25.47,25.41,39.05,16.1,8862788,225768480.95
2024-09-23,25.49,26.33,25.43,25.41,25.84,25.78,39.05,16.1,13863748,360271543.57
2024-09-24,25.9,25.9,25.5,25.78,25.52,25.52,39.05,16.1,7212923,184883121.64
2024-09-25,25.5,25.59,25.17,25.52,25.25,25.23,39.05,16.1,7171547,181626609.0
2024-09-26,25.4,25.66,25.0,25.23,25.09,25.06,39.05,16.1,12517223,315735481.12
2024-09-27,25.17,25.67,25.05,25.06,25.42,25.35,39.05,16.1,11774344,298689812.63
2024-09-30,25.39,27.29,24.93,25.35,26.37,26.53,39.05,16.1,40506503,1071598420.02
2024-10-01,26.16,28.0,26.16,26.53,27.3,27.29,39.05,16.1,39939997,1085680987.67
2024-10-03,26.74,27.43,25.77,27.29,25.99,25.94,39.05,16.1,19813664,527088574.26
2024-10-04,25.95,26.24,25.38,25.94,25.78,25.72,39.05,16.1,18282613,472679360.05
2024-10-07,25.69,25.8,24.33,25.72,24.43,24.44,39.05,16.1,21786503,541066392.58
2024-10-08,24.51,25.29,24.11,24.44,25.2,25.14,39.05,16.1,14414645,357147705.1
2024-10-09,25.24,25.69,25.0,25.14,25.12,25.07,39.05,16.1,13830841,350516685.66
2024-10-10,25.2,25.35,24.81,25.07,24.98,24.9,39.05,16.1,8821786,220917912.32
2024-10-11,24.99,25.59,24.91,24.9,25.28,25.25,39.05,16.1,11895383,300216416.93
2024-10-14,25.54,25.66,24.3,25.25,24.79,24.62,39.05,16.1,14502504,361937552.17
2024-10-15,24.3,24.49,23.84,24.62,24.05,24.0,39.05,16.1,11992238,289105009.78
2024-10-16,24.14,24.14,23.6,24.0,23.78,23.81,39.05,16.1,9547079,227665252.05
2024-10-17,23.81,23.89,23.01,23.81,23.09,23.11,39.05,16.1,8709132,203227210.46
2024-10-18,22.95,23.44,22.53,23.11,23.36,23.39,39.05,16.1,9219360,212401616.81
2024-10-21,23.64,23.64,22.5,23.39,22.55,22.61,39.05,16.1,10358733,236734757.62
2024-10-22,22.54,22.54,21.4,22.61,21.56,21.54,39.05,16.1,9721531,212963730.85
2024-10-23,21.5,22.44,20.96,21.54,21.85,21.8,39.05,16.1,14949823,327320615.86
2024-10-24,21.9,22.09,21.5,21.8,21.75,21.77,39.05,16.1,8431283,183924733.54
2024-10-25,21.79,21.9,20.68,21.77,20.94,20.82,39.05,16.1,10875421,228236506.43
2024-10-28,20.84,21.8,20.62,20.82,21.48,21.53,39.05,17.1,10024511,212614400.89
2024-10-29,21.64,21.71,21.06,21.53,21.55,21.49,39.05,17.1,7335645,156933611.97
2024-10-30,21.49,22.32,21.37,21.49,22.17,22.18,39.05,17.1,8711985,191763270.13
2024-10-31,22.29,22.68,21.9,22.18,22.52,22.46,39.05,17.1,5317461,118853254.7
2024-11-01,22.59,23.1,22.59,22.46,22.79,22.82,39.05,17.1,2138842,48909841.85
2024-11-04,22.69,22.69,22.0,22.82,22.11,22.1,39.05,17.85,5209006,115710233.45
2024-11-05,22.09,22.5,21.83,22.1,22.39,22.35,39.05,17.85,5426742,120782755.54
2024-11-06,22.4,22.73,22.32,22.35,22.69,22.58,39.05,17.85,6387270,143818417.18
2024-11-07,22.69,23.05,22.48,22.58,22.56,22.56,39.05,17.85,4986627,113433976.72
2024-11-08,22.56,22.64,21.7,22.56,21.8,21.85,39.05,17.85,5138621,113456658.47
2024-11-11,21.75,21.82,21.3,21.85,21.36,21.34,39.05,18.65,5861155,126343394.62
2024-11-12,21.35,21.58,21.0,21.34,21.07,21.08,39.05,18.65,3866472,82482827.62
2024-11-13,21.15,21.15,20.16,21.08,20.3,20.25,39.05,18.65,7303746,149844636.16
2024-11-14,20.25,21.04,20.11,20.25,20.7,20.63,39.05,18.65,8179654,168793856.54
2024-11-18,21.08,21.49,20.47,20.63,20.69,20.61,39.05,19.5,7565495,157499109.6
2024-11-19,20.68,21.11,20.5,20.61,20.55,20.6,39.05,19.5,5305548,110486840.19
2024-11-21,20.6,20.63,19.97,20.6,20.09,20.07,39.05,19.5,5631648,113421946.2
2024-11-22,20.08,20.5,19.86,20.07,20.27,20.33,39.05,19.5,5694529,114810857.37
2024-11-25,20.69,21.04,20.49,20.33,20.58,20.54,39.05,19.5,6116790,126650656.41
2024-11-26,20.59,21.16,20.47,20.54,21.0,21.03,39.05,19.5,6798408,142506123.21
2024-11-27,21.21,21.57,20.88,21.03,21.35,21.33,39.05,19.5,5762420,122743243.33
2024-11-28,21.38,21.82,21.24,21.33,21.31,21.34,39.05,19.5,5819438,125325531.72
2024-11-29,21.43,21.43,21.09,21.34,21.32,21.28,39.05,19.5,3832190,81490212.6
2024-12-02,21.25,21.77,21.09,21.28,21.7,21.66,39.05,19.7,6522457,140576641.4
2024-12-03,21.81,22.4,21.68,21.66,21.94,21.96,39.05,19.7,7217144,159098062.52
2024-12-04,22.06,23.8,22.06,21.96,23.24,23.13,39.05,19.7,23741392,548165864.63
2024-12-05,23.35,23.49,22.58,23.13,22.9,22.94,39.05,19.7,8765517,200419283.2
2024-12-06,23.0,23.2,22.72,22.94,22.92,22.87,39.05,19.7,6968732,159641924.96
2024-12-09,22.9,24.56,22.77,22.87,23.96,23.95,39.05,19.86,28922169,693296214.05
2024-12-10,24.0,24.2,23.5,23.95,23.57,23.64,39.05,19.86,8799144,209203707.65
2024-12-11,23.88,23.88,22.91,23.64,23.03,23.05,39.05,19.86,10456428,243570690.31
2024-12-12,23.05,23.14,22.5,23.05,22.69,22.59,39.05,19.86,6543818,149306852.15
2024-12-13,22.5,22.94,22.1,22.59,22.89,22.78,39.05,19.86,8169155,184052998.95
2024-12-16,22.78,23.7,22.73,22.78,23.6,23.34,39.05,19.86,9323353,215441790.57
2024-12-17,23.41,23.49,22.51,23.34,22.7,22.68,39.05,19.86,8472280,195494353.95
2024-12-18,22.69,22.75,22.2,22.68,22.23,22.25,39.05,19.86,4666988,104485545.26
2024-12-19,22.09,22.1,21.7,22.25,21.89,21.83,39.05,19.86,6522414,142936259.35
2024-12-20,21.86,22.13,21.0,21.83,21.19,21.17,39.05,19.86,5781024,124848930.61
2024-12-23,21.3,21.49,20.88,21.17,20.96,21.01,39.05,19.86,6596956,139228200.08
2024-12-24,21.04,21.84,20.93,21.01,21.75,21.72,39.05,19.86,7169361,153352191.52
2024-12-26,21.69,21.78,21.26,21.72,21.35,21.37,39.05,19.86,4220981,90296968.29
2024-12-27,21.37,21.48,21.15,21.37,21.16,21.21,39.05,19.86,3103934,65956143.91
2024-12-30,21.21,21.32,20.75,21.21,20.8,20.81,39.05,19.86,4777003,99888567.29
2024-12-31,20.77,21.13,20.65,20.81,21.13,21.02,39.05,19.86,3765333,78743554.95
2025-01-01,21.0,21.63,20.97,21.02,21.24,21.18,39.05,19.86,5058882,107706929.96
2025-01-02,21.21,21.35,21.0,21.18,21.17,21.18,39.05,19.86,3756898,79544535.8
2025-01-03,21.2,21.64,20.91,21.18,21.07,20.96,39.05,19.86,5906117,125459686.13
2025-01-06,20.96,21.03,19.86,20.96,20.02,19.93,39.05,19.86,8293981,168273699.97
2025-01-07,19.9,20.3,19.89,19.93,20.22,20.19,39.05,19.86,6563892,132213198.0
2025-01-08,20.39,20.39,19.87,20.19,20.13,20.11,39.05,19.86,4325169,86616258.4
2025-01-09,20.13,20.3,19.76,20.11,19.88,19.87,39.05,19.76,4780351,95765820.72
2025-01-10,19.87,19.88,19.18,19.87,19.53,19.49,39.05,19.18,6505817,126948092.09
2025-01-13,19.31,19.39,18.35,19.49,18.42,18.47,35.85,18.35,7874446,148381532.92
2025-01-14,18.5,19.57,18.5,18.47,19.35,19.31,35.85,18.35,7386984,140200397.29
2025-01-15,19.36,21.21,19.36,19.31,20.7,20.88,35.85,18.35,32596395,671785143.73
2025-01-16,20.6,21.28,20.16,20.88,20.4,20.36,35.85,18.35,15879512,327947141.13
2025-01-17,20.29,20.29,19.75,20.36,20.04,20.0,35.85,18.35,8282310,165269268.85
2025-01-20,20.0,20.3,19.88,20.0,20.12,20.1,33.6,18.35,4569396,92013488.46
2025-01-21,20.13,20.25,19.66,20.1,19.87,19.77,33.6,18.35,5279028,105405026.23
2025-01-22,19.8,19.84,19.06,19.77,19.36,19.34,33.6,18.35,4627650,89562164.21
2025-01-23,19.35,19.62,19.18,19.34,19.38,19.36,33.6,18.35,3447544,66898353.47
2025-01-24,19.34,19.48,18.93,19.36,19.0,19.0,33.6,18.35,4001301,76590465.32
2025-01-27,19.0,19.0,18.04,19.0,18.24,18.15,32.85,18.04,6107067,112115701.91
2025-01-28,18.2,18.5,17.67,18.15,18.12,18.15,32.85,17.67,7171887,129819627.58
2025-01-29,18.24,18.65,18.15,18.15,18.43,18.43,32.85,17.67,4691866,86640118.68
2025-01-30,18.43,18.62,18.2,18.43,18.32,18.3,32.85,17.67,3728771,68694123.0
2025-01-31,18.3,18.87,18.21,18.3,18.76,18.69,32.85,17.67,4459365,82453413.37
2025-02-01,18.8,19.47,18.55,18.69,18.62,18.7,32.85,17.67,6672329,126623652.42
2025-02-03,18.65,19.01,18.35,18.7,18.4,18.56,32.0,17.67,4092463,76156876.12
2025-02-04,18.63,18.74,18.38,18.56,18.57,18.53,32.0,17.67,2925221,54281465.53
2025-02-05,18.7,19.07,18.65,18.53,18.87,18.82,32.0,17.67,3498244,65996400.05
2025-02-06,18.91,18.94,18.6,18.82,18.75,18.74,32.0,17.67,2839821,53230244.17
2025-02-07,18.74,18.75,18.36,18.74,18.43,18.46,32.0,17.67,2620588,48569657.81
2025-02-10,18.46,18.51,18.0,18.46,18.15,18.14,32.0,17.67,3385229,61672714.83
2025-02-11,18.14,18.2,17.38,18.14,17.55,17.49,32.0,17.38,4490433,79146572.72
2025-02-12,17.48,17.51,16.54,17.49,17.31,17.27,32.0,16.54,5774228,98203982.51
2025-02-13,17.35,17.61,16.81,17.27,17.0,16.96,32.0,16.54,4826425,83155805.9
2025-02-14,17.07,17.17,16.26,16.96,16.34,16.34,32.0,16.26,5449210,90609956.61
2025-02-17,16.43,16.89,15.98,16.34,16.61,16.66,32.0,15.98,7374591,121814755.31
2025-02-18,16.66,16.77,15.8,16.66,16.14,16.14,32.0,15.8,4595522,74220731.32
2025-02-19,16.01,16.9,15.95,16.14,16.83,16.84,32.0,15.8,5134225,85470130.85
2025-02-20,16.85,17.15,16.68,16.84,17.02,17.06,32.0,15.8,2661774,45068836.6
2025-02-21,17.06,17.43,16.66,17.06,16.76,16.74,32.0,15.8,3471426,58684742.85
2025-02-24,16.45,16.69,16.18,16.74,16.45,16.38,32.0,15.8,2620172,43038490.68
2025-02-25,16.23,16.52,16.06,16.38,16.11,16.14,32.0,15.8,2381252,38745668.2
2025-02-27,16.14,16.24,15.72,16.14,15.81,15.8,32.0,15.72,3410403,54206779.4
2025-02-28,15.8,15.84,15.23,15.8,15.4,15.36,32.0,15.23,4133792,63834466.31
2025-03-03,15.61,15.76,14.5,15.36,14.85,14.88,32.0,14.5,6817788,101794300.25
2025-03-04,14.85,16.78,14.78,14.88,16.45,16.49,32.0,14.5,25497041,409412716.63
2025-03-05,17.0,17.0,16.12,16.49,16.75,16.78,32.0,14.5,11698446,193314474.95
2025-03-06,16.78,17.15,16.78,16.78,17.0,17.06,32.0,14.5,6812780,115945969.15
2025-03-07,16.76,17.7,16.76,17.06,17.33,17.36,32.0,14.5,8462069,147170081.55
2025-03-10,17.41,17.8,16.8,17.36,16.88,16.89,32.0,14.5,5855519,100389275.51
2025-03-11,16.67,16.8,15.95,16.89,16.2,16.14,32.0,14.5,7371085,119772684.14
2025-03-12,16.31,16.48,15.98,16.14,16.28,16.19,32.0,14.5,5671458,91463950.84
2025-03-13,16.27,16.48,15.66,16.19,15.9,15.91,32.0,14.5,4705192,75562013.1
2025-03-17,16.1,16.15,15.41,15.91,15.49,15.53,30.0,14.5,5872700,92339485.54
2025-03-18,15.7,16.15,15.52,15.53,16.05,16.08,30.0,14.5,6588853,104755206.33
2025-03-19,16.3,16.56,16.2,16.08,16.3,16.31,30.0,14.5,6506275,106660257.9
2025-03-20,16.63,16.83,16.2,16.31,16.25,16.26,30.0,14.5,5483386,90175369.55
2025-03-21,16.38,17.0,16.15,16.26,16.95,16.92,30.0,14.5,7603316,126781946.3
2025-03-24,17.02,17.3,16.61,16.92,16.74,16.72,30.0,14.5,8281929,140164883.13
2025-03-25,16.94,16.94,16.07,16.72,16.1,16.12,30.0,14.5,6398156,104354984.42
2025-03-26,16.11,16.29,15.25,16.12,15.35,15.39,30.0,14.5,8936016,140051615.0
2025-03-27,15.35,15.7,15.12,15.39,15.57,15.47,30.0,14.5,12978940,199865168.06
2025-03-28,15.62,15.98,14.99,15.47,15.03,15.05,30.0,14.5,11951530,182759861.23
2025-04-01,15.05,15.76,15.04,15.05,15.65,15.55,30.0,14.5,8105149,124450484.06
2025-04-02,15.65,15.67,15.12,15.55,15.57,15.47,30.0,14.5,6424768,99092501.44
2025-04-03,15.38,15.97,15.21,15.47,15.92,15.88,30.0,14.5,10980806,172996130.89
2025-04-04,15.88,16.07,15.1,15.88,15.4,15.35,30.0,14.5,7410750,114236097.65
2025-04-07,14.5,15.15,14.01,15.35,15.1,14.95,30.0,14.01,7706512,112316326.61
2025-04-08,15.08,15.38,15.07,14.95,15.27,15.23,30.0,14.01,3824538,58109487.03
2025-04-09,15.0,15.6,14.6,15.23,15.48,15.35,30.0,14.01,4048697,61431906.59
2025-04-11,15.77,15.78,15.4,15.35,15.61,15.62,30.0,14.01,4369840,67920974.85
2025-04-15,15.85,16.14,15.72,15.62,16.13,16.05,30.0,14.01,3675722,58578285.31
2025-04-16,16.14,16.45,16.06,16.05,16.25,16.24,30.0,14.01,4220110,68736369.84
2025-04-17,16.24,16.3,16.1,16.24,16.11,16.12,30.0,14.01,3604208,58326390.6
2025-04-21,16.3,16.65,16.1,16.12,16.49,16.47,30.0,14.01,7800380,128017987.33
2025-04-22,17.37,19.76,17.26,16.47,19.34,19.49,30.0,14.01,163934147,3128100906.63
2025-04-23,19.42,19.42,18.5,19.49,18.75,18.62,30.0,14.01,29880162,562187494.88
2025-04-24,18.5,18.93,18.36,18.62,18.38,18.43,30.0,14.01,13476820,250871910.81
2025-04-25,18.46,18.5,17.2,18.43,17.36,17.35,30.0,14.01,15526193,273288561.02
2025-04-28,17.0,17.5,16.85,17.35,17.36,17.27,30.0,14.01,9294123,160210625.22
2025-04-29,17.39,17.87,17.03,17.27,17.19,17.15,30.0,14.01,8712159,152214860.94
2025-04-30,17.08,17.14,16.54,17.15,16.6,16.58,30.0,14.01,7345793,123390547.4
2025-05-02,16.6,16.89,16.39,16.58,16.47,16.45,30.0,14.01,7102225,117706913.19
2025-05-05,16.5,16.98,16.41,16.45,16.77,16.74,30.0,14.01,5775323,95864487.95
2025-05-06,16.74,16.87,16.08,16.74,16.15,16.23,30.0,14.01,5307812,87128529.79
2025-05-07,15.9,16.78,15.87,16.23,16.34,16.3,30.0,14.01,10851987,176697126.44
2025-05-08,16.3,17.47,16.24,16.3,16.4,16.49,30.0,14.01,16131823,273160246.52
2025-05-09,16.14,16.18,15.86,16.49,15.99,15.98,30.0,14.01,7655809,122463587.71
2025-05-12,16.89,17.39,16.8,15.98,17.25,17.19,30.0,14.01,10678048,183554664.73
2025-05-13,17.19,17.68,16.98,17.19,17.4,17.43,30.0,14.01,7305855,126738072.25
2025-05-14,17.5,17.71,17.3,17.43,17.47,17.48,30.0,14.01,4781575,83801882.01
2025-05-15,17.65,17.96,17.52,17.48,17.89,17.89,30.0,14.01,6649741,118583928.54
2025-05-16,18.0,18.75,17.85,17.89,18.42,18.46,30.0,14.01,9722798,177539295.94
2025-05-19,18.89,19.48,18.71,18.46,19.17,19.12,30.0,14.01,17627998,337707838.04
2025-05-20,19.27,19.3,18.33,19.12,18.67,18.64,30.0,14.01,7882814,147313552.2
2025-05-21,18.7,19.24,18.4,18.64,18.91,18.97,30.0,14.01,9072912,170557874.2
2025-05-22,18.88,19.1,18.67,18.97,18.82,18.91,30.0,14.01,5122376,96457714.77
2025-05-23,18.82,19.04,18.64,18.91,18.72,18.78,30.0,14.01,4750432,89315571.06
2025-05-26,18.88,19.14,18.66,18.78,18.73,18.71,30.0,14.01,5479610,103232447.91
2025-05-27,18.71,18.89,18.65,18.71,18.79,18.75,30.0,14.01,2891139,54239982.09
2025-05-28,18.75,20.3,18.72,18.75,20.27,20.19,30.0,14.01,35527799,703658674.59
2025-05-29,20.4,20.45,19.86,20.19,20.12,20.02,30.0,14.01,10172646,204239427.39
2025-05-30,20.09,20.17,19.47,20.02,19.7,19.64,30.0,14.01,8118110,160323811.41
2025-06-02,19.68,19.94,19.43,19.64,19.7,19.64,30.0,14.01,4638591,91347062.29
2025-06-03,19.74,19.84,19.11,19.64,19.15,19.18,30.0,14.01,4823001,93926750.36
2025-06-04,19.34,19.55,18.97,19.18,19.2,19.2,30.0,14.01,5069518,97660411.13
2025-06-05,19.35,19.9,19.31,19.2,19.49,19.44,30.0,14.01,5395331,105714806.82
2025-06-06,19.63,19.63,19.22,19.44,19.34,19.31,30.0,14.01,3976867,77004379.97
2025-06-09,19.36,19.8,19.32,19.31,19.54,19.53,30.0,14.01,5915461,115828772.49
2025-06-10,19.57,21.4,19.49,19.53,20.92,20.86,30.0,14.01,57016667,1188097464.59
2025-06-11,20.86,22.14,20.64,20.86,21.5,21.56,30.0,14.01,37839671,814388666.16
2025-06-12,21.56,21.65,20.5,21.56,20.55,20.65,30.0,14.01,14593331,305592195.97
2025-06-13,20.0,20.64,19.77,20.65,20.18,20.22,30.0,14.01,12375841,249987582.91
