date,series,open,high,low,prev. close,ltp,close,vwap,52w h,52w l,volume,value,no of trades,symbol
2023-08-21,EQ,1811.0,1823.95,1740.0,1803.3,1790.0,1791.7,1785.35,1823.95,1740.0,8541,15248710.65,1430,YASHO
2023-08-22,EQ,1820.0,1845.05,1791.0,1791.7,1810.0,1810.15,1808.52,1845.05,1740.0,5823,10531040.0,1118,YASHO
2023-08-23,EQ,1834.0,1834.0,1790.05,1810.15,1800.0,1800.4,1807.22,1845.05,1740.0,5209,9413785.55,1033,YASHO
2023-08-24,EQ,1797.0,1820.0,1768.15,1800.4,1817.0,1811.75,1800.25,1845.05,1740.0,8865,15959235.25,1396,YASHO
2023-08-25,EQ,1809.95,1820.9,1736.0,1811.75,1750.0,1752.6,1772.79,1845.05,1736.0,11602,20567880.8,1854,YASHO
2023-08-28,EQ,1725.0,1757.95,1702.7,1752.6,1712.0,1707.85,1717.38,1845.05,1702.7,12722,21848569.1,2087,YASHO
2023-08-29,EQ,1724.9,1754.9,1708.0,1707.85,1725.0,1717.2,1721.9,1845.05,1702.7,9694,16692144.25,1904,YASHO
2023-08-30,EQ,1742.95,1810.0,1719.0,1717.2,1802.0,1798.1,1784.02,1845.05,1702.7,22808,40689859.65,3003,YASHO
2023-08-31,EQ,1805.25,1820.0,1786.05,1798.1,1800.0,1800.15,1802.52,1845.05,1702.7,10768,19409507.3,1870,YASHO
2023-09-01,EQ,1805.95,1820.0,1778.3,1800.15,1801.7,1805.9,1801.29,1845.05,1702.7,7505,13518683.15,1737,YASHO
2023-09-04,EQ,1805.9,1825.0,1792.05,1805.9,1801.0,1800.4,1801.62,1845.05,1702.7,5855,10548509.6,756,YASHO
2023-09-05,EQ,1800.0,1822.95,1790.0,1800.4,1812.55,1802.05,1803.04,1845.05,1702.7,6066,10937267.35,993,YASHO
2023-09-06,EQ,1791.55,1809.95,1762.3,1802.05,1783.2,1790.95,1786.21,1845.05,1702.7,4853,8668461.55,1110,YASHO
2023-09-07,EQ,1803.75,1807.1,1769.95,1790.95,1801.7,1795.1,1790.2,1845.05,1702.7,7669,13729040.05,1462,YASHO
2023-09-08,EQ,1795.1,1824.65,1768.05,1795.1,1781.05,1783.55,1787.98,1845.05,1702.7,5614,10037699.4,1346,YASHO
2023-09-11,EQ,1766.6,1803.6,1753.2,1783.55,1788.0,1782.5,1780.73,1845.05,1702.7,9770,17397703.95,1706,YASHO
2023-09-12,EQ,1783.1,1804.4,1740.0,1782.5,1760.0,1759.8,1764.59,1845.05,1702.7,18679,32960857.1,2187,YASHO
2023-09-13,EQ,1765.0,1790.0,1759.55,1759.8,1785.15,1781.8,1772.32,1845.05,1702.7,6411,11362343.1,953,YASHO
2023-09-14,EQ,1799.0,1805.0,1770.05,1781.8,1790.0,1791.55,1787.17,1845.05,1702.7,6290,11241274.95,976,YASHO
2023-09-15,EQ,1792.0,1801.45,1778.1,1791.55,1783.5,1783.95,1787.58,1845.05,1702.7,2968,5305542.55,839,YASHO
2023-09-18,EQ,1790.0,1792.5,1755.05,1783.95,1771.15,1782.8,1771.8,1845.05,1702.7,7787,13796987.35,1516,YASHO
2023-09-20,EQ,1745.0,1782.8,1713.0,1782.8,1780.3,1776.05,1768.25,1845.05,1702.7,4544,8034939.35,995,YASHO
2023-09-21,EQ,1751.1,1790.05,1749.6,1776.05,1772.35,1771.05,1755.65,1845.05,1702.7,14543,25532370.2,1040,YASHO
2023-09-22,EQ,1786.0,1786.0,1753.35,1771.05,1770.85,1762.8,1764.16,1845.05,1702.7,4820,8503247.3,1000,YASHO
2023-09-25,EQ,1786.75,1792.45,1755.1,1762.8,1760.0,1759.85,1764.33,1845.05,1702.7,3649,6438049.95,1179,YASHO
2023-09-26,EQ,1765.0,1770.75,1720.55,1759.85,1770.75,1752.4,1748.85,1845.05,1702.7,10154,17757864.8,1210,YASHO
2023-09-27,EQ,1778.65,1778.65,1740.05,1752.4,1760.0,1757.95,1759.98,1845.05,1702.7,3709,6527761.75,1267,YASHO
2023-09-28,EQ,1750.0,1774.6,1750.0,1757.95,1750.0,1754.6,1760.13,1845.05,1702.7,3876,6822269.2,945,YASHO
2023-09-29,EQ,1740.1,1780.05,1740.1,1754.6,1764.5,1770.7,1761.1,1845.05,1702.7,4552,8016535.8,895,YASHO
2023-10-03,EQ,1777.0,1785.75,1745.05,1770.7,1755.0,1758.0,1757.49,1845.05,1702.7,2752,4836614.7,1165,YASHO
2023-10-04,EQ,1731.65,1783.0,1731.65,1758.0,1740.5,1766.2,1756.74,1845.05,1702.7,4690,8239100.35,802,YASHO
2023-10-05,EQ,1766.2,1774.45,1750.0,1766.2,1768.0,1760.1,1762.84,1845.05,1702.7,2059,3629684.1,495,YASHO
2023-10-06,EQ,1766.25,1864.8,1741.05,1760.1,1808.0,1804.75,1813.97,1864.8,1702.7,30745,55770482.65,4018,YASHO
2023-10-09,EQ,1770.0,1815.2,1750.3,1804.75,1805.0,1796.35,1794.61,1864.8,1702.7,11221,20137287.85,2380,YASHO
2023-10-10,EQ,1801.05,1820.7,1788.0,1796.35,1799.95,1799.5,1800.02,1864.8,1702.7,7907,14232759.7,892,YASHO
2023-10-11,EQ,1824.75,1824.75,1785.2,1799.5,1785.2,1790.7,1795.92,1864.8,1702.7,6334,11375376.0,1162,YASHO
2023-10-12,EQ,1808.55,1809.0,1777.7,1790.7,1781.1,1792.25,1794.09,1864.8,1702.7,4469,8017774.3,714,YASHO
2023-10-13,EQ,1772.05,1810.0,1772.05,1792.25,1787.95,1778.8,1785.0,1864.8,1702.7,4517,8062859.15,1184,YASHO
2023-10-16,EQ,1781.0,1788.85,1760.25,1778.8,1775.0,1766.05,1766.9,1864.8,1702.7,8311,14684731.6,1150,YASHO
2023-10-17,EQ,1777.05,1798.4,1758.7,1766.05,1785.0,1777.6,1776.84,1864.8,1702.7,6889,12240648.35,1326,YASHO
2023-10-18,EQ,1759.8,1780.4,1750.0,1777.6,1760.0,1758.55,1761.44,1864.8,1702.7,12373,21794254.65,1563,YASHO
2023-10-19,EQ,1750.0,1766.4,1745.0,1758.55,1752.05,1759.4,1753.07,1864.8,1702.7,9205,16137054.95,1072,YASHO
2023-10-20,EQ,1783.0,1783.0,1732.05,1759.4,1744.9,1738.3,1748.17,1864.8,1702.7,7523,13151488.55,1062,YASHO
2023-10-23,EQ,1746.0,1749.0,1705.0,1738.3,1724.95,1712.5,1721.31,1864.8,1702.7,11589,19948204.7,1542,YASHO
2023-10-25,EQ,1719.05,1748.8,1670.0,1712.5,1732.0,1714.65,1717.61,1864.8,1670.0,8366,14369496.15,1312,YASHO
2023-10-26,EQ,1701.25,1724.0,1681.05,1714.65,1715.0,1710.05,1698.22,1864.8,1670.0,9377,15924195.85,1994,YASHO
2023-10-27,EQ,1724.0,1731.55,1707.0,1710.05,1731.0,1727.75,1721.98,1864.8,1670.0,5483,9441641.25,810,YASHO
2023-10-30,EQ,1733.15,1780.05,1710.0,1727.75,1732.0,1751.3,1737.07,1864.8,1670.0,11752,20414067.6,1086,YASHO
2023-10-31,EQ,1770.0,1770.0,1650.0,1751.3,1684.95,1678.5,1687.23,1864.8,1650.0,17846,30110354.6,2943,YASHO
2023-11-01,EQ,1647.1,1663.45,1620.0,1678.5,1648.0,1631.8,1631.47,1864.8,1620.0,14370,23444192.15,3431,YASHO
2023-11-02,EQ,1631.05,1664.7,1629.0,1631.8,1644.0,1635.9,1636.42,1864.8,1620.0,6950,11373137.65,1348,YASHO
2023-11-03,EQ,1652.0,1652.0,1582.1,1635.9,1590.0,1591.65,1610.22,1864.8,1582.1,14562,23448005.0,2748,YASHO
2023-11-06,EQ,1576.0,1640.0,1576.0,1591.65,1623.0,1609.65,1591.67,1864.8,1576.0,14387,22899291.35,2381,YASHO
2023-11-07,EQ,1625.75,1635.0,1570.05,1609.65,1608.7,1604.9,1608.65,1864.8,1570.05,9329,15007141.6,1956,YASHO
2023-11-08,EQ,1610.7,1630.0,1602.05,1604.9,1614.9,1613.25,1619.38,1864.8,1570.05,4271,6916358.85,1134,YASHO
2023-11-09,EQ,1634.0,1634.0,1600.0,1613.25,1618.95,1608.0,1612.61,1864.8,1570.05,3507,5655417.85,1124,YASHO
2023-11-10,EQ,1590.5,1632.5,1590.5,1608.0,1595.35,1600.8,1609.03,1864.8,1570.05,5112,8225358.15,1497,YASHO
2023-11-12,EQ,1580.0,1627.0,1580.0,1600.8,1625.95,1617.7,1612.38,1864.8,1570.05,2772,4469516.3,674,YASHO
2023-11-13,EQ,1630.75,1639.0,1599.05,1617.7,1631.35,1630.65,1624.08,1864.8,1570.05,3475,5643670.3,1128,YASHO
2023-11-15,EQ,1649.0,1649.0,1616.1,1630.65,1625.0,1624.8,1630.21,1864.8,1570.05,4549,7415815.0,1077,YASHO
2023-11-16,EQ,1620.0,1631.9,1566.05,1624.8,1615.0,1600.6,1613.39,1864.8,1566.05,6207,10014334.35,1313,YASHO
2023-11-17,EQ,1600.6,1622.95,1600.6,1600.6,1620.6,1615.95,1612.19,1864.8,1566.05,5157,8314086.2,816,YASHO
2023-11-20,EQ,1619.9,1635.0,1580.0,1615.95,1622.0,1628.5,1616.36,1864.8,1566.05,14663,23700662.85,1304,YASHO
2023-11-21,EQ,1647.9,1647.9,1590.0,1628.5,1600.0,1603.7,1608.53,1864.8,1566.05,6185,9948787.05,1426,YASHO
2023-11-22,EQ,1603.7,1617.3,1590.0,1603.7,1595.0,1601.45,1602.44,1864.8,1566.05,9585,15359420.65,1066,YASHO
2023-11-23,EQ,1609.0,1616.25,1588.05,1601.45,1595.0,1598.35,1602.83,1864.8,1566.05,10603,16994850.05,1087,YASHO
2023-11-24,EQ,1603.25,1654.0,1585.0,1598.35,1654.0,1637.15,1621.02,1864.8,1566.05,23118,37474777.1,1845,YASHO
2023-11-28,EQ,1625.55,1658.1,1595.25,1637.15,1619.0,1603.85,1613.41,1864.8,1566.05,10585,17077942.2,2321,YASHO
2023-11-29,EQ,1605.5,1622.0,1600.0,1603.85,1600.0,1604.5,1612.22,1864.8,1566.05,3970,6400516.7,1204,YASHO
2023-11-30,EQ,1600.15,1610.7,1588.0,1604.5,1596.6,1596.7,1595.55,1864.8,1566.05,3713,5924269.85,1172,YASHO
2023-12-01,EQ,1601.0,1617.6,1594.1,1596.7,1614.0,1611.8,1608.3,1864.8,1566.05,4821,7753618.75,1090,YASHO
2023-12-04,EQ,1602.3,1628.55,1579.85,1611.8,1595.0,1586.9,1598.09,1864.8,1566.05,11307,18069589.0,2337,YASHO
2023-12-05,EQ,1595.0,1606.9,1580.05,1586.9,1585.0,1587.5,1593.31,1864.8,1566.05,3792,6041839.9,1248,YASHO
2023-12-06,EQ,1603.4,1607.95,1585.05,1587.5,1595.2,1590.15,1598.05,1864.8,1566.05,6059,9682597.75,1109,YASHO
2023-12-07,EQ,1614.0,1614.0,1595.05,1590.15,1602.0,1602.1,1602.94,1864.8,1566.05,3507,5621518.75,732,YASHO
2023-12-08,EQ,1602.15,1609.0,1586.15,1602.1,1590.0,1590.85,1593.02,1864.8,1566.05,5279,8409550.95,1314,YASHO
2023-12-11,EQ,1607.9,1610.2,1586.0,1590.85,1588.05,1594.15,1597.73,1864.8,1566.05,7503,11987740.6,965,YASHO
2023-12-12,EQ,1596.35,1613.1,1585.0,1594.15,1596.35,1589.9,1595.91,1864.8,1566.05,4937,7879017.75,984,YASHO
2023-12-13,EQ,1604.85,1604.85,1580.0,1589.9,1588.5,1584.95,1591.55,1864.8,1566.05,5627,8955649.3,958,YASHO
2023-12-14,EQ,1608.5,1608.5,1579.7,1584.95,1589.0,1581.15,1588.64,1864.8,1566.05,5651,8977386.4,942,YASHO
2023-12-15,EQ,1584.0,1603.0,1580.0,1581.15,1586.0,1592.25,1590.78,1864.8,1566.05,4195,6673341.0,965,YASHO
2023-12-18,EQ,1592.5,1610.0,1588.6,1592.25,1602.0,1600.05,1598.69,1864.8,1566.05,7257,11601702.2,1079,YASHO
2023-12-19,EQ,1615.0,1659.0,1582.55,1600.05,1595.0,1590.65,1601.83,1864.8,1566.05,10922,17495194.5,1750,YASHO
2023-12-20,EQ,1591.5,1604.9,1570.0,1590.65,1570.0,1577.0,1592.94,1864.8,1566.05,8091,12888457.6,890,YASHO
2023-12-21,EQ,1599.95,1605.25,1556.0,1577.0,1575.65,1588.3,1590.02,1864.8,1556.0,7379,11732777.65,1143,YASHO
2023-12-22,EQ,1600.0,1607.95,1577.0,1588.3,1585.0,1588.65,1587.71,1864.8,1556.0,25443,40396036.5,1058,YASHO
2023-12-26,EQ,1604.0,1679.05,1594.75,1588.65,1647.0,1656.1,1624.36,1864.8,1556.0,43832,71199087.55,3121,YASHO
2023-12-27,EQ,1699.95,1699.95,1620.0,1656.1,1620.3,1631.25,1654.45,1864.8,1556.0,24152,39958255.05,3468,YASHO
2023-12-28,EQ,1649.0,1660.0,1616.0,1631.25,1621.0,1624.65,1626.67,1864.8,1556.0,59036,96031992.65,1849,YASHO
2023-12-29,EQ,1620.0,1645.0,1616.65,1624.65,1633.0,1630.2,1627.15,1864.8,1556.0,26615,43306518.75,1362,YASHO
2024-01-01,EQ,1656.0,1754.95,1651.0,1630.2,1721.0,1720.4,1711.44,1864.8,1556.0,67788,116015203.4,11618,YASHO
2024-01-02,EQ,1749.0,1749.0,1686.55,1720.4,1700.0,1704.8,1706.81,1864.8,1556.0,23459,40040126.6,3795,YASHO
2024-01-03,EQ,1715.0,1736.2,1685.1,1704.8,1695.0,1693.85,1698.44,1864.8,1556.0,14798,25133496.3,2337,YASHO
2024-01-04,EQ,1710.0,1710.0,1670.0,1693.85,1680.0,1679.3,1681.51,1864.8,1556.0,10001,16816732.95,2339,YASHO
2024-01-05,EQ,1720.0,1725.0,1625.0,1679.3,1626.2,1628.5,1646.12,1864.8,1556.0,108440,178505763.95,7021,YASHO
2024-01-08,EQ,1652.0,1682.65,1626.0,1628.5,1653.4,1640.9,1657.87,1864.8,1556.0,27611,45775540.8,5717,YASHO
2024-01-09,EQ,1670.0,1670.0,1630.0,1640.9,1642.0,1641.85,1646.9,1864.8,1556.0,27181,44764286.05,6029,YASHO
2024-01-10,EQ,1641.25,1699.0,1630.1,1641.85,1684.9,1678.75,1679.57,1864.8,1556.0,33106,55603820.6,4317,YASHO
2024-01-11,EQ,1698.9,1698.9,1660.05,1678.75,1670.45,1672.35,1675.07,1864.8,1556.0,14623,24494509.2,2050,YASHO
2024-01-12,EQ,1665.0,1672.0,1650.0,1672.35,1650.0,1651.3,1655.15,1864.8,1556.0,8735,14457748.25,1256,YASHO
2024-01-15,EQ,1664.45,1664.45,1629.0,1651.3,1632.0,1630.55,1635.68,1864.8,1556.0,13077,21389841.7,2544,YASHO
2024-01-16,EQ,1659.6,1675.0,1623.9,1630.55,1630.1,1629.55,1639.87,1864.8,1556.0,25384,41626576.7,3082,YASHO
2024-01-17,EQ,1629.55,1650.9,1629.55,1629.55,1645.0,1641.6,1641.83,1864.8,1556.0,13928,22867474.95,1984,YASHO
2024-01-18,EQ,1650.0,1650.0,1626.5,1641.6,1632.8,1630.1,1631.12,1864.8,1556.0,10643,17359983.65,1445,YASHO
2024-01-19,EQ,1639.65,1647.65,1628.15,1630.1,1635.0,1632.7,1633.3,1864.8,1556.0,5390,8803491.9,1123,YASHO
2024-01-20,EQ,1622.0,1648.15,1622.0,1632.7,1634.8,1631.65,1632.63,1864.8,1556.0,5595,9134544.9,979,YASHO
2024-01-23,EQ,1627.5,1646.55,1600.5,1631.65,1635.0,1630.45,1633.16,1864.8,1556.0,18402,30053418.45,2349,YASHO
2024-01-24,EQ,1653.0,1659.0,1630.0,1630.45,1650.0,1646.9,1643.42,1864.8,1556.0,5469,8987859.95,776,YASHO
2024-01-25,EQ,1678.0,1678.0,1625.3,1646.9,1635.0,1638.2,1635.84,1864.8,1556.0,5786,9464994.05,912,YASHO
2024-01-29,EQ,1609.0,1647.6,1609.0,1638.2,1635.0,1635.15,1634.77,1864.8,1556.0,10891,17804226.25,1434,YASHO
2024-01-30,EQ,1635.0,1652.95,1619.95,1635.15,1635.1,1635.5,1632.3,1864.8,1556.0,7950,12976812.6,851,YASHO
2024-01-31,EQ,1635.5,1654.0,1633.65,1635.5,1640.1,1647.65,1642.51,1864.8,1556.0,11908,19558985.25,1092,YASHO
2024-02-01,EQ,1649.95,1654.95,1631.35,1647.65,1640.55,1641.35,1639.87,1864.8,1556.0,7615,12487613.25,834,YASHO
2024-02-02,EQ,1635.05,1661.95,1624.35,1641.35,1642.6,1644.6,1640.46,1864.8,1556.0,17633,28926280.35,1424,YASHO
2024-02-05,EQ,1642.6,1672.5,1600.0,1644.6,1643.0,1640.2,1639.71,1864.8,1556.0,11155,18290929.6,1097,YASHO
2024-02-06,EQ,1645.0,1680.0,1635.0,1640.2,1653.0,1660.55,1648.08,1864.8,1556.0,15048,24800242.05,1611,YASHO
2024-02-07,EQ,1690.55,1705.0,1640.0,1660.55,1640.0,1663.1,1671.87,1864.8,1556.0,19444,32507793.8,2508,YASHO
2024-02-08,EQ,1646.05,1720.0,1641.05,1663.1,1694.0,1688.75,1693.13,1864.8,1556.0,24899,42157353.3,3211,YASHO
2024-02-09,EQ,1661.0,1745.0,1656.8,1688.75,1677.0,1692.9,1678.4,1864.8,1556.0,24321,40820281.55,2136,YASHO
2024-02-12,EQ,1675.0,1730.95,1668.5,1692.9,1700.0,1699.9,1698.04,1864.8,1556.0,16008,27182210.15,3348,YASHO
2024-02-13,EQ,1690.95,1710.0,1662.85,1699.9,1690.0,1688.65,1694.73,1864.8,1556.0,10218,17316767.55,1949,YASHO
2024-02-14,EQ,1635.05,1712.85,1635.05,1688.65,1689.9,1691.95,1694.08,1864.8,1556.0,7848,13295162.5,1310,YASHO
2024-02-15,EQ,1709.0,1709.0,1655.0,1691.95,1661.0,1663.95,1679.33,1864.8,1556.0,31315,52588373.2,3759,YASHO
2024-02-16,EQ,1675.6,1800.0,1659.8,1663.95,1738.0,1751.15,1728.34,1864.8,1556.0,49880,86209640.8,7520,YASHO
2024-02-19,EQ,1754.0,1754.0,1687.55,1751.15,1712.0,1712.7,1715.46,1864.8,1556.0,12248,21010939.45,2462,YASHO
2024-02-20,EQ,1712.7,1715.85,1686.5,1712.7,1701.0,1700.2,1701.78,1864.8,1556.0,12848,21864424.15,1447,YASHO
2024-02-21,EQ,1735.0,1754.0,1708.0,1700.2,1734.0,1734.4,1734.08,1864.8,1556.0,15832,27453953.3,2869,YASHO
2024-02-22,EQ,1750.0,1835.95,1721.1,1734.4,1782.0,1788.2,1784.45,1864.8,1556.0,22468,40092927.6,4892,YASHO
2024-02-23,EQ,1815.0,2145.8,1781.05,1788.2,2145.8,2145.8,2027.52,2145.8,1556.0,259777,526703887.1,30246,YASHO
2024-02-26,EQ,2104.0,2426.65,1981.6,2145.8,2199.0,2202.35,2272.74,2426.65,1556.0,467373,1062215165.2,57661,YASHO
2024-02-27,EQ,2202.35,2355.95,2152.8,2202.35,2190.1,2182.35,2252.45,2426.65,1556.0,122602,276155147.7,22808,YASHO
2024-02-28,EQ,2200.0,2249.5,2080.0,2182.35,2149.0,2127.3,2142.46,2426.65,1556.0,35926,76970096.6,4379,YASHO
2024-02-29,EQ,2161.0,2194.3,2016.45,2127.3,2100.0,2089.8,2124.05,2426.65,1556.0,22583,47967445.6,2285,YASHO
2024-03-01,EQ,2178.0,2185.0,2071.95,2089.8,2100.0,2098.8,2114.32,2426.65,1556.0,16901,35734070.15,2362,YASHO
2024-03-02,EQ,2158.0,2158.0,2020.1,2098.8,2049.0,2055.85,2078.91,2426.65,1556.0,7150,14864190.8,661,YASHO
2024-03-04,EQ,2063.8,2136.65,2051.25,2055.85,2075.0,2066.55,2082.04,2426.65,1556.0,14559,30312431.85,2552,YASHO
2024-03-05,EQ,2066.55,2189.0,1775.0,2066.55,1808.4,1804.1,1916.0,2426.65,1556.0,128153,245540523.05,12467,YASHO
2024-03-06,EQ,1840.0,1903.95,1773.0,1804.1,1806.0,1796.5,1821.08,2426.65,1556.0,71914,130961033.35,13975,YASHO
2024-03-07,EQ,1806.0,1860.0,1759.0,1796.5,1759.0,1768.05,1788.75,2426.65,1556.0,25910,46346555.85,6925,YASHO
2024-03-11,EQ,1815.0,1815.0,1669.55,1768.05,1675.95,1676.4,1700.45,2426.65,1556.0,44189,75141392.0,10385,YASHO
2024-03-12,EQ,1676.0,1697.95,1585.65,1676.4,1640.0,1615.85,1626.35,2426.65,1556.0,64444,104808265.2,16135,YASHO
2024-03-13,EQ,1656.0,1656.0,1515.0,1615.85,1533.0,1524.95,1562.04,2426.65,1515.0,40882,63859393.9,8983,YASHO
2024-03-14,EQ,1530.0,1650.95,1530.0,1524.95,1643.0,1637.9,1606.28,2426.65,1515.0,48028,77146254.35,9005,YASHO
2024-03-15,EQ,1670.0,1678.5,1585.55,1637.9,1644.95,1637.5,1618.52,2426.65,1515.0,24616,39841564.55,5243,YASHO
2024-03-18,EQ,1638.0,1710.0,1620.05,1637.5,1695.05,1699.8,1677.19,2426.65,1515.0,17384,29156303.3,4358,YASHO
2024-03-19,EQ,1698.8,1698.8,1592.35,1699.8,1640.0,1642.9,1656.6,2426.65,1515.0,20597,34120929.45,4634,YASHO
2024-03-20,EQ,1667.55,1680.7,1595.5,1642.9,1619.95,1611.6,1620.93,2426.65,1515.0,17203,27884804.1,5553,YASHO
2024-03-21,EQ,1635.75,1679.0,1611.0,1611.6,1635.0,1634.2,1635.04,2426.65,1515.0,24485,40033923.0,5594,YASHO
2024-03-22,EQ,1646.85,1682.95,1618.55,1634.2,1650.0,1657.7,1656.32,2426.65,1515.0,21679,35907408.95,4324,YASHO
2024-03-26,EQ,1650.0,1660.45,1621.05,1657.7,1627.25,1631.45,1633.65,2426.65,1515.0,15034,24560327.1,2938,YASHO
2024-03-27,EQ,1640.0,1663.9,1610.05,1631.45,1628.5,1629.25,1638.69,2426.65,1515.0,25766,42222425.95,4276,YASHO
2024-03-28,EQ,1637.4,1659.0,1614.9,1629.25,1623.95,1619.05,1634.19,2426.65,1515.0,16687,27269729.7,2741,YASHO
2024-04-01,EQ,1630.0,1678.7,1610.0,1619.05,1651.35,1650.1,1654.67,2426.65,1515.0,15598,25809483.35,3273,YASHO
2024-04-02,EQ,1666.6,1845.8,1625.0,1650.1,1815.0,1806.8,1767.06,2426.65,1515.0,66456,117431753.0,14131,YASHO
2024-04-03,EQ,1833.9,1935.9,1810.0,1806.8,1864.0,1869.4,1877.44,2426.65,1515.0,63877,119925335.25,12710,YASHO
2024-04-04,EQ,1869.4,1931.0,1800.0,1869.4,1818.0,1820.2,1864.31,2426.65,1515.0,38513,71800147.75,6861,YASHO
2024-04-05,EQ,1820.0,1841.5,1791.5,1820.2,1817.95,1812.0,1819.88,2426.65,1515.0,16464,29962488.35,3153,YASHO
2024-04-08,EQ,1835.0,1858.0,1781.5,1812.0,1805.0,1798.7,1822.72,2426.65,1515.0,16756,30541537.05,3609,YASHO
2024-04-09,EQ,1813.15,1878.15,1785.0,1798.7,1853.0,1839.6,1825.89,2426.65,1515.0,27292,49832186.9,5541,YASHO
2024-04-10,EQ,1857.0,2025.0,1853.05,1839.6,1973.95,1948.5,1951.6,2426.65,1515.0,80032,156190231.8,16040,YASHO
2024-04-12,EQ,1952.45,2044.55,1941.05,1948.5,1968.0,1977.3,1994.04,2426.65,1515.0,42308,84363697.45,9533,YASHO
2024-04-15,EQ,1930.0,1948.0,1860.0,1977.3,1882.0,1874.8,1897.25,2426.65,1515.0,35481,67316214.9,6621,YASHO
2024-04-16,EQ,1899.0,1923.8,1870.0,1874.8,1900.0,1885.75,1898.13,2426.65,1515.0,16181,30713604.6,4094,YASHO
2024-04-18,EQ,1896.55,1977.0,1875.2,1885.75,1930.6,1920.75,1929.7,2426.65,1515.0,33950,65513480.9,5503,YASHO
2024-04-19,EQ,1920.0,1920.0,1862.0,1920.75,1899.9,1887.0,1885.01,2426.65,1515.0,14716,27739827.2,3249,YASHO
2024-04-22,EQ,1915.3,1937.25,1831.55,1887.0,1899.0,1876.5,1900.87,2426.65,1515.0,9976,18963048.85,2131,YASHO
2024-04-23,EQ,1904.65,1950.0,1850.0,1876.5,1876.0,1876.4,1894.33,2426.65,1515.0,17509,33167742.5,2714,YASHO
2024-04-24,EQ,1877.5,1943.5,1877.0,1876.4,1881.0,1891.8,1901.79,2426.65,1515.0,9321,17726577.25,1823,YASHO
2024-04-25,EQ,1891.8,1905.0,1865.25,1891.8,1899.85,1890.15,1894.51,2426.65,1515.0,8309,15741448.3,1602,YASHO
2024-04-26,EQ,1870.0,1987.25,1870.0,1890.15,1908.0,1898.25,1913.14,2426.65,1515.0,25029,47884012.2,3110,YASHO
2024-04-29,EQ,1901.0,1938.7,1879.2,1898.25,1903.0,1900.55,1900.26,2426.65,1515.0,16179,30744277.8,2101,YASHO
2024-04-30,EQ,1903.0,1936.45,1900.0,1900.55,1920.0,1913.35,1918.54,2426.65,1515.0,12040,23099184.65,2195,YASHO
2024-05-02,EQ,1890.55,1938.45,1885.05,1913.35,1907.0,1906.45,1904.94,2426.65,1515.0,11543,21988693.8,1645,YASHO
2024-05-03,EQ,1890.0,1936.45,1890.0,1906.45,1901.0,1902.25,1910.44,2426.65,1515.0,11122,21247859.6,2029,YASHO
2024-05-06,EQ,1903.0,1949.0,1890.7,1902.25,1901.0,1901.1,1912.81,2426.65,1515.0,13944,26672249.7,3014,YASHO
2024-05-07,EQ,1955.0,1988.0,1932.0,1901.1,1975.0,1967.15,1961.76,2426.65,1515.0,32716,64181067.1,5523,YASHO
2024-05-08,EQ,1967.5,1984.45,1910.0,1967.15,1925.0,1920.0,1941.29,2426.65,1515.0,11411,22152063.65,2851,YASHO
2024-05-09,EQ,1930.0,1935.0,1880.2,1920.0,1900.0,1900.4,1900.22,2426.65,1515.0,15578,29601610.15,2986,YASHO
2024-05-10,EQ,1924.45,1924.45,1828.25,1900.4,1848.0,1843.25,1864.38,2426.65,1515.0,11884,22156317.9,2871,YASHO
2024-05-13,EQ,1860.0,2029.8,1782.75,1843.25,1929.95,1907.2,1901.92,2426.65,1515.0,40088,76244127.1,7460,YASHO
2024-05-14,EQ,1965.0,1979.85,1900.0,1907.2,1905.0,1913.85,1929.46,2426.65,1515.0,31903,61555717.05,4969,YASHO
2024-05-15,EQ,1970.0,1970.0,1875.1,1913.85,1908.8,1901.0,1905.9,2426.65,1515.0,21183,40372751.3,3069,YASHO
2024-05-16,EQ,1929.5,1933.6,1861.0,1901.0,1878.8,1877.1,1898.78,2426.65,1515.0,13745,26098674.35,2459,YASHO
2024-05-17,EQ,1890.0,1916.1,1887.0,1877.1,1905.9,1901.6,1903.81,2426.65,1515.0,11808,22480197.8,1941,YASHO
2024-05-18,EQ,1928.0,1929.0,1889.25,1901.6,1902.7,1900.8,1910.81,2426.65,1515.0,1781,3403143.85,381,YASHO
2024-05-21,EQ,1885.0,1910.55,1882.0,1900.8,1899.0,1898.25,1897.66,2426.65,1515.0,11450,21728194.9,2067,YASHO
2024-05-22,EQ,1925.8,1925.8,1850.0,1898.25,1866.9,1863.3,1878.04,2426.65,1515.0,15684,29455249.1,2676,YASHO
2024-05-23,EQ,1891.25,1957.45,1858.1,1863.3,1906.6,1901.7,1888.03,2426.65,1515.0,13075,24686023.9,2445,YASHO
2024-05-24,EQ,1900.0,1904.95,1827.1,1901.7,1836.0,1844.2,1856.88,2426.65,1515.0,18897,35089449.05,3377,YASHO
2024-05-27,EQ,1844.2,1874.0,1814.0,1844.2,1835.0,1830.85,1828.39,2426.65,1515.0,11391,20827234.2,2372,YASHO
2024-05-28,EQ,1808.0,1828.75,1780.0,1830.85,1795.0,1789.95,1793.74,2426.65,1515.0,15519,27837125.7,2807,YASHO
2024-05-29,EQ,1765.15,1863.0,1761.55,1789.95,1841.0,1830.95,1826.98,2426.65,1515.0,16571,30274851.5,2767,YASHO
2024-05-30,EQ,1830.95,1843.45,1808.0,1830.95,1825.0,1827.3,1826.02,2426.65,1515.0,6936,12665261.95,1654,YASHO
2024-05-31,EQ,1810.25,1848.85,1765.0,1827.3,1771.6,1784.1,1810.95,2426.65,1515.0,12377,22414147.1,2435,YASHO
2024-06-03,EQ,1839.0,1879.0,1770.0,1784.1,1779.9,1777.8,1787.17,2426.65,1515.0,11309,20211079.5,2440,YASHO
2024-06-04,EQ,1808.95,1808.95,1605.0,1777.8,1709.0,1701.0,1704.11,2426.65,1515.0,28611,48756260.0,6319,YASHO
2024-06-05,EQ,1651.0,1730.0,1651.0,1701.0,1714.2,1724.6,1718.01,2426.65,1515.0,13059,22435496.75,1815,YASHO
2024-06-06,EQ,1725.0,1765.0,1725.0,1724.6,1765.0,1764.1,1751.25,2426.65,1515.0,9591,16796197.25,2093,YASHO
2024-06-07,EQ,1760.0,1805.0,1743.55,1764.1,1780.0,1787.15,1784.84,2426.65,1515.0,6246,11148105.85,1560,YASHO
2024-06-10,EQ,1797.3,1805.95,1751.95,1787.15,1769.0,1768.2,1773.21,2426.65,1515.0,11902,21104732.05,2942,YASHO
2024-06-11,EQ,1752.0,1831.4,1752.0,1768.2,1818.0,1817.15,1799.97,2426.65,1515.0,9706,17470513.05,2375,YASHO
2024-06-12,EQ,1843.0,1880.0,1802.05,1817.15,1880.0,1870.75,1855.23,2426.65,1515.0,14985,27800644.8,2719,YASHO
2024-06-13,EQ,1900.0,1900.0,1853.25,1870.75,1870.0,1871.55,1871.69,2426.65,1515.0,14129,26445170.7,1739,YASHO
2024-06-14,EQ,1895.0,1901.6,1860.05,1871.55,1890.0,1890.2,1886.67,2426.65,1515.0,12567,23709808.5,2119,YASHO
2024-06-18,EQ,1890.0,1918.2,1880.55,1890.2,1905.9,1899.45,1903.82,2426.65,1515.0,13058,24860137.8,2952,YASHO
2024-06-19,EQ,1917.45,1920.0,1897.05,1899.45,1904.05,1900.7,1904.02,2426.65,1515.0,8293,15790040.3,1349,YASHO
2024-06-20,EQ,1918.6,1920.0,1898.7,1900.7,1912.1,1914.9,1910.84,2426.65,1515.0,10535,20130682.6,2110,YASHO
2024-06-21,EQ,1924.9,1965.4,1882.25,1914.9,1882.25,1903.45,1916.48,2426.65,1515.0,12233,23444335.45,2254,YASHO
2024-06-24,EQ,1903.0,1943.0,1881.05,1903.45,1911.0,1916.45,1919.72,2426.65,1515.0,12873,24712511.1,2160,YASHO
2024-06-25,EQ,1930.0,1930.0,1897.75,1916.45,1902.65,1900.25,1904.44,2426.65,1515.0,9565,18216000.4,2245,YASHO
2024-06-26,EQ,1914.75,2072.15,1878.0,1900.25,1984.0,1963.25,1988.3,2426.65,1515.0,91739,182404428.6,15188,YASHO
2024-06-27,EQ,2038.9,2040.0,1963.25,1963.25,1972.55,1973.3,2004.1,2426.65,1515.0,24156,48411089.25,5120,YASHO
2024-06-28,EQ,1972.55,2000.15,1927.85,1973.3,1952.0,1945.2,1953.48,2426.65,1515.0,9177,17927108.9,2512,YASHO
2024-07-01,EQ,1975.0,1991.35,1930.1,1945.2,1987.7,1984.85,1975.53,2426.65,1515.0,11603,22922109.8,2687,YASHO
2024-07-02,EQ,1995.0,2003.0,1920.6,1984.85,1965.75,1944.8,1956.18,2426.65,1515.0,19585,38311690.85,3630,YASHO
2024-07-03,EQ,1950.0,1989.0,1944.05,1944.8,1957.0,1961.9,1964.98,2426.65,1515.0,7851,15427030.45,2524,YASHO
2024-07-04,EQ,1966.2,1985.0,1944.45,1961.9,1961.0,1958.15,1962.24,2426.65,1515.0,16326,32035485.5,2394,YASHO
2024-07-05,EQ,1974.0,1974.0,1915.45,1958.15,1932.0,1938.6,1939.67,2426.65,1515.0,10221,19825370.7,2932,YASHO
2024-07-08,EQ,1938.6,1969.0,1901.1,1938.6,1943.85,1932.35,1922.17,2426.65,1515.0,10690,20547948.1,3225,YASHO
2024-07-09,EQ,1945.0,1964.95,1892.5,1932.35,1913.0,1911.1,1911.95,2426.65,1515.0,10909,20857505.55,2342,YASHO
2024-07-10,EQ,1931.7,1931.7,1850.0,1911.1,1875.0,1874.6,1879.98,2426.65,1515.0,24732,46495628.3,3542,YASHO
2024-07-11,EQ,1925.0,1925.0,1870.0,1874.6,1880.0,1874.4,1881.85,2426.65,1515.0,15532,29228839.7,2701,YASHO
2024-07-12,EQ,1855.2,1925.0,1803.15,1874.4,1850.0,1848.15,1843.01,2426.65,1515.0,14326,26402973.9,4772,YASHO
2024-07-15,EQ,1850.0,1878.15,1820.15,1848.15,1851.0,1847.5,1837.73,2426.65,1515.0,11077,20356532.3,2466,YASHO
2024-07-16,EQ,1847.5,1884.95,1810.8,1847.5,1845.0,1832.35,1845.25,2426.65,1515.0,15524,28645586.85,1885,YASHO
2024-07-18,EQ,1832.35,1898.0,1830.65,1832.35,1898.0,1878.4,1864.86,2426.65,1515.0,12311,22958235.6,3220,YASHO
2024-07-19,EQ,1898.0,1929.0,1825.5,1878.4,1875.0,1900.0,1892.48,2426.65,1515.0,20944,39636113.1,6033,YASHO
2024-07-22,EQ,1865.0,1887.0,1833.05,1900.0,1876.1,1870.6,1862.14,2426.65,1515.0,10478,19511523.4,2568,YASHO
2024-07-23,EQ,1847.0,1915.05,1847.0,1870.6,1910.7,1902.65,1895.53,2426.65,1515.0,17100,32413519.25,2609,YASHO
2024-07-24,EQ,1920.85,1995.5,1896.1,1902.65,1932.0,1930.85,1956.32,2426.65,1515.0,23160,45308264.75,5783,YASHO
2024-07-25,EQ,1932.0,1954.3,1919.7,1930.85,1930.0,1935.05,1936.79,2426.65,1515.0,6853,13272805.95,2318,YASHO
2024-07-26,EQ,1959.75,1959.75,1925.0,1935.05,1925.0,1929.9,1939.7,2426.65,1515.0,4743,9200018.6,1882,YASHO
2024-07-29,EQ,1929.0,1954.95,1903.55,1929.9,1936.5,1926.25,1933.94,2426.65,1515.0,6834,13216528.1,1747,YASHO
2024-07-30,EQ,1948.95,1948.95,1898.0,1926.25,1920.0,1911.65,1917.82,2426.65,1515.0,11789,22609172.15,3481,YASHO
2024-07-31,EQ,1955.65,1955.65,1887.75,1911.65,1895.0,1896.2,1903.05,2426.65,1515.0,16851,32068354.75,2809,YASHO
2024-08-01,EQ,1879.0,1905.0,1870.0,1896.2,1880.0,1876.4,1884.31,2426.65,1515.0,11502,21673315.05,4157,YASHO
2024-08-02,EQ,1750.0,1794.5,1698.05,1876.4,1770.0,1732.5,1739.09,2426.65,1515.0,79619,138464534.05,15738,YASHO
2024-08-05,EQ,1706.15,1800.0,1661.95,1732.5,1720.0,1705.85,1712.47,2426.65,1515.0,45909,78617688.35,9193,YASHO
2024-08-06,EQ,1677.5,1769.2,1677.5,1705.85,1710.0,1713.3,1714.9,2426.65,1515.0,32711,56095972.1,6443,YASHO
2024-08-07,EQ,1725.0,1820.05,1725.0,1713.3,1820.0,1783.75,1760.17,2426.65,1515.0,23235,40897482.6,3110,YASHO
2024-08-08,EQ,1785.0,1822.95,1782.05,1783.75,1800.0,1804.8,1802.21,2426.65,1515.0,19024,34285159.85,3404,YASHO
2024-08-09,EQ,1827.0,1838.6,1785.0,1804.8,1812.0,1811.35,1809.3,2426.65,1515.0,9643,17447089.55,2565,YASHO
2024-08-12,EQ,1815.0,1857.95,1791.05,1811.35,1847.6,1834.05,1831.83,2426.65,1515.0,15152,27755937.85,3385,YASHO
2024-08-13,EQ,1834.05,1894.8,1802.4,1834.05,1813.9,1836.3,1859.73,2426.65,1515.0,13562,25221681.3,3393,YASHO
2024-08-14,EQ,1820.0,1873.75,1786.9,1836.3,1820.0,1853.75,1822.67,2426.65,1515.0,11381,20743847.2,2956,YASHO
2024-08-16,EQ,1879.0,1879.0,1824.0,1853.75,1838.0,1856.45,1853.74,2426.65,1515.0,9979,18498499.45,2242,YASHO
2024-08-19,EQ,1856.0,1891.0,1842.05,1856.45,1848.0,1860.4,1875.62,2426.65,1515.0,14414,27035257.2,2269,YASHO
2024-08-20,EQ,1879.0,1885.0,1845.0,1860.4,1885.0,1873.65,1867.07,2426.65,1515.0,9754,18211437.1,1761,YASHO
2024-08-21,EQ,1862.2,1900.0,1848.1,1873.65,1870.0,1877.3,1871.04,2426.65,1515.0,13980,26157079.75,2651,YASHO
2024-08-22,EQ,1888.7,1898.1,1862.3,1877.3,1865.0,1869.55,1880.2,2426.65,1515.0,6862,12901963.8,1637,YASHO
2024-08-23,EQ,1862.4,1945.0,1862.4,1869.55,1873.0,1873.3,1878.21,2426.65,1515.0,8626,16201444.85,1552,YASHO
2024-08-26,EQ,1880.0,1940.0,1880.0,1873.3,1929.0,1927.6,1920.17,2426.65,1515.0,21683,41634946.95,3941,YASHO
2024-08-27,EQ,1947.6,1947.6,1899.05,1927.6,1915.5,1916.05,1920.78,2426.65,1515.0,8911,17116068.9,1813,YASHO
2024-08-28,EQ,1939.8,2159.95,1900.2,1916.05,2060.9,2066.25,2069.25,2426.65,1515.0,128258,265398268.75,19009,YASHO
2024-08-29,EQ,2065.0,2092.45,1991.0,2066.25,2055.0,2020.45,2044.92,2426.65,1515.0,32575,66613381.2,4987,YASHO
2024-08-30,EQ,2000.0,2054.85,1968.35,2020.45,1985.0,1992.7,1993.2,2426.65,1515.0,23299,46439496.8,4002,YASHO
2024-09-02,EQ,1992.7,2020.0,1949.35,1992.7,1975.0,1975.45,1977.87,2426.65,1515.0,17036,33695017.6,3177,YASHO
2024-09-03,EQ,1999.0,2025.0,1980.0,1975.45,2013.4,2017.75,2003.96,2426.65,1515.0,21103,42289610.65,2909,YASHO
2024-09-04,EQ,2013.0,2069.9,1986.45,2017.75,2037.0,2023.4,2028.56,2426.65,1515.0,15484,31410201.15,2826,YASHO
2024-09-05,EQ,2035.0,2155.0,2022.5,2023.4,2115.5,2127.3,2114.69,2426.65,1515.0,53072,112230601.95,6278,YASHO
2024-09-06,EQ,2160.0,2181.15,2067.05,2127.3,2112.0,2123.65,2128.53,2426.65,1515.0,24967,53143086.0,4929,YASHO
2024-09-09,EQ,2140.7,2140.75,2053.6,2123.65,2079.2,2067.75,2075.42,2426.65,1515.0,9865,20474013.05,2352,YASHO
2024-09-10,EQ,2083.95,2145.0,2070.5,2067.75,2109.6,2106.7,2108.42,2426.65,1515.0,14460,30487752.3,3219,YASHO
2024-09-11,EQ,2100.0,2106.7,2035.0,2106.7,2054.5,2044.15,2061.51,2426.65,1515.0,12659,26096694.95,2753,YASHO
2024-09-12,EQ,2056.85,2070.0,2026.15,2044.15,2065.45,2062.4,2049.36,2426.65,1515.0,8932,18304921.05,2247,YASHO
2024-09-13,EQ,2046.9,2086.95,2042.0,2062.4,2075.0,2075.1,2071.61,2426.65,1515.0,7568,15677919.05,1471,YASHO
2024-09-16,EQ,2075.0,2075.0,1991.0,2075.1,1993.0,1998.4,2017.41,2426.65,1515.0,13180,26589512.0,2981,YASHO
2024-09-17,EQ,2018.4,2032.95,1961.05,1998.4,1999.0,2000.3,2002.73,2426.65,1515.0,7272,14563824.8,2228,YASHO
2024-09-18,EQ,2020.3,2020.3,1970.5,2000.3,1980.0,1977.15,1987.3,2426.65,1515.0,5570,11069251.8,1381,YASHO
2024-09-19,EQ,1980.0,2005.35,1923.05,1977.15,1966.0,1960.6,1957.09,2426.65,1515.0,11546,22596578.9,2553,YASHO
2024-09-20,EQ,1965.0,1985.0,1954.3,1960.6,1980.0,1971.4,1971.68,2426.65,1515.0,7387,14564788.35,1170,YASHO
2024-09-23,EQ,1960.0,1990.45,1925.05,1971.4,1933.0,1937.7,1957.88,2426.65,1515.0,10493,20544018.75,1751,YASHO
2024-09-24,EQ,1937.7,1984.55,1915.0,1937.7,1979.4,1971.35,1962.7,2426.65,1515.0,29466,57832939.55,2718,YASHO
2024-09-25,EQ,1971.35,1975.35,1935.5,1971.35,1955.6,1945.25,1948.47,2426.65,1515.0,20348,39647368.55,1671,YASHO
2024-09-26,EQ,1959.5,2049.8,1947.5,1945.25,2001.0,1998.25,2015.64,2426.65,1515.0,25907,52219257.75,3643,YASHO
2024-09-27,EQ,2019.0,2055.0,1995.0,1998.25,2042.0,2044.65,2038.72,2426.65,1515.0,16053,32727532.25,3026,YASHO
2024-09-30,EQ,2040.0,2040.0,1966.85,2044.65,1990.0,1988.4,1996.65,2426.65,1515.0,9806,19579111.6,2947,YASHO
2024-10-01,EQ,1964.9,2020.0,1950.0,1988.4,1981.1,1993.05,1993.59,2426.65,1515.0,12540,24999662.25,1575,YASHO
2024-10-03,EQ,1993.05,2032.4,1945.0,1993.05,1954.95,1950.55,1968.17,2426.65,1515.0,13373,26320382.3,1868,YASHO
2024-10-04,EQ,1951.0,2083.4,1950.1,1950.55,2005.0,2010.95,2029.43,2426.65,1515.0,22804,46279029.75,2978,YASHO
2024-10-07,EQ,1972.0,2010.95,1950.0,2010.95,1962.0,1956.9,1971.86,2426.65,1515.0,13194,26016733.95,2704,YASHO
2024-10-08,EQ,1953.65,1995.0,1935.05,1956.9,1994.0,1983.5,1972.59,2426.65,1515.0,5547,10941978.6,855,YASHO
2024-10-09,EQ,2025.45,2025.45,1949.95,1983.5,1976.45,1963.75,1986.46,2426.65,1515.0,6361,12635871.35,1265,YASHO
2024-10-10,EQ,1960.0,2010.0,1960.0,1963.75,1973.0,1970.45,1985.87,2426.65,1515.0,4886,9702940.6,1189,YASHO
2024-10-11,EQ,1970.45,1985.0,1952.6,1970.45,1984.0,1978.65,1970.93,2426.65,1515.0,3359,6620350.75,584,YASHO
2024-10-14,EQ,1978.65,1990.4,1950.05,1978.65,1990.0,1984.4,1976.93,2426.65,1515.0,4399,8696531.35,796,YASHO
2024-10-15,EQ,1990.4,2020.0,1941.55,1984.4,1964.0,1971.15,1992.42,2426.65,1515.0,8113,16164498.0,1368,YASHO
2024-10-16,EQ,1973.7,2014.8,1961.0,1971.15,2005.0,2003.85,1995.76,2426.65,1515.0,15596,31125921.8,1688,YASHO
2024-10-17,EQ,2024.0,2033.9,1954.95,2003.85,1978.0,1969.15,1987.53,2426.65,1515.0,9887,19650691.95,1453,YASHO
2024-10-18,EQ,1988.75,1999.0,1940.0,1969.15,1988.0,1984.35,1977.64,2426.65,1515.0,7259,14355689.5,1176,YASHO
2024-10-21,EQ,1950.0,1999.0,1878.95,1984.35,1895.0,1896.45,1925.82,2426.65,1515.0,18838,36278591.25,2668,YASHO
2024-10-22,EQ,1940.0,1940.0,1840.55,1896.45,1854.9,1855.05,1886.91,2426.65,1515.0,11845,22350432.45,2842,YASHO
2024-10-23,EQ,1855.0,1900.05,1806.35,1855.05,1875.0,1877.0,1863.74,2426.65,1515.0,10566,19692327.55,2017,YASHO
2024-10-24,EQ,1874.6,1892.35,1862.25,1877.0,1886.0,1879.05,1876.55,2426.65,1515.0,6762,12689206.9,1079,YASHO
2024-10-25,EQ,1895.75,1969.95,1790.0,1879.05,1880.6,1823.4,1848.06,2426.65,1515.0,24715,45674723.1,4163,YASHO
2024-10-28,EQ,1801.0,1878.95,1800.0,1823.4,1820.0,1819.3,1820.59,2426.65,1515.0,9090,16549196.05,2417,YASHO
2024-10-29,EQ,1835.6,1865.0,1810.05,1819.3,1865.0,1839.2,1829.79,2426.65,1515.0,6315,11555103.05,1318,YASHO
2024-10-30,EQ,1829.1,1900.0,1828.0,1839.2,1899.0,1893.65,1882.67,2426.65,1515.0,5829,10974080.7,1382,YASHO
2024-10-31,EQ,1885.15,1900.0,1878.15,1893.65,1899.0,1886.1,1887.15,2426.65,1515.0,3731,7040940.05,1039,YASHO
2024-11-01,EQ,1919.8,1919.8,1850.55,1886.1,1899.95,1898.85,1893.49,2426.65,1515.0,2643,5004488.1,481,YASHO
2024-11-04,EQ,1879.95,1910.0,1860.55,1898.85,1885.0,1872.0,1882.51,2426.65,1515.0,5445,10250253.3,1453,YASHO
2024-11-05,EQ,1874.0,1892.15,1835.95,1872.0,1867.7,1853.8,1856.67,2426.65,1515.0,7221,13407024.7,1377,YASHO
2024-11-06,EQ,1853.75,1890.0,1850.0,1853.8,1877.05,1876.2,1872.12,2426.65,1515.0,7886,14763566.05,1905,YASHO
2024-11-07,EQ,1890.0,1909.95,1854.75,1876.2,1875.0,1876.1,1875.88,2426.65,1515.0,18287,34304209.45,4974,YASHO
2024-11-08,EQ,1890.0,1890.0,1852.0,1876.1,1861.0,1860.3,1860.94,2426.65,1515.0,9280,17269554.7,2099,YASHO
2024-11-11,EQ,1845.0,1854.45,1780.0,1860.3,1805.0,1798.25,1816.18,2426.65,1515.0,19180,34834274.05,4384,YASHO
2024-11-12,EQ,1798.25,1832.0,1771.0,1798.25,1795.0,1785.65,1796.57,2426.65,1515.0,11788,21178020.45,2461,YASHO
2024-11-13,EQ,1768.25,1783.55,1700.0,1785.65,1732.5,1731.25,1733.34,2426.65,1515.0,17638,30572727.45,3015,YASHO
2024-11-14,EQ,1705.3,1841.0,1683.05,1731.25,1830.0,1810.8,1768.74,2426.65,1515.0,22922,40543101.3,3576,YASHO
2024-11-18,EQ,1702.55,1740.0,1620.0,1810.8,1721.0,1719.0,1681.74,2426.65,1515.0,60901,102419944.45,8227,YASHO
2024-11-19,EQ,1707.0,1757.4,1700.0,1719.0,1709.0,1708.2,1728.46,2426.65,1515.0,17801,30768321.65,3561,YASHO
2024-11-21,EQ,1708.2,1725.0,1669.85,1708.2,1700.1,1707.25,1694.28,2426.65,1515.0,13795,23372527.85,2406,YASHO
2024-11-22,EQ,1691.1,1775.0,1685.0,1707.25,1700.0,1702.25,1724.34,2426.65,1515.0,13835,23856308.2,2662,YASHO
2024-11-25,EQ,1749.0,1749.0,1685.1,1702.25,1690.0,1692.0,1696.79,2426.65,1515.0,9052,15359314.85,2003,YASHO
2024-11-26,EQ,1717.4,1717.4,1688.8,1692.0,1700.0,1698.45,1696.52,2426.65,1515.0,6762,11471856.6,1052,YASHO
2024-11-27,EQ,1699.95,1784.7,1684.0,1698.45,1737.0,1770.05,1718.45,2426.65,1515.0,14358,24673526.3,1763,YASHO
2024-11-28,EQ,1761.0,1808.4,1754.0,1770.05,1790.0,1798.05,1789.63,2426.65,1515.0,5916,10587476.4,823,YASHO
2024-11-29,EQ,1795.0,1800.25,1750.0,1798.05,1796.0,1770.95,1769.49,2426.65,1515.0,4253,7525638.4,876,YASHO
2024-12-02,EQ,1751.95,1787.85,1744.4,1770.95,1764.0,1753.7,1760.5,2426.65,1515.0,5190,9137010.2,998,YASHO
2024-12-03,EQ,1764.1,1790.0,1740.15,1753.7,1760.0,1747.75,1757.78,2426.65,1515.0,7743,13610528.15,1457,YASHO
2024-12-04,EQ,1751.1,1780.0,1751.1,1747.75,1774.95,1770.35,1768.62,2426.65,1515.0,2560,4527661.1,687,YASHO
2024-12-05,EQ,1770.35,1793.7,1768.1,1770.35,1770.5,1775.05,1778.8,2426.65,1515.0,6441,11457243.2,939,YASHO
2024-12-06,EQ,1794.95,1794.95,1760.0,1775.05,1765.0,1769.45,1775.33,2426.65,1515.0,5678,10080320.65,733,YASHO
2024-12-09,EQ,1761.25,1827.95,1761.25,1769.45,1800.0,1792.45,1797.84,2426.65,1515.0,8570,15407453.55,1582,YASHO
2024-12-10,EQ,1809.3,1920.0,1795.0,1792.45,1900.0,1889.95,1868.47,2426.65,1515.0,13821,25824192.95,2761,YASHO
2024-12-11,EQ,1880.0,1900.0,1872.0,1889.95,1894.95,1883.95,1887.68,2426.65,1515.0,4603,8689006.6,1037,YASHO
2024-12-12,EQ,1912.2,1912.2,1848.65,1883.95,1892.45,1886.85,1872.18,2426.65,1515.0,2846,5328230.2,826,YASHO
2024-12-13,EQ,1873.5,1890.0,1800.0,1886.85,1817.75,1810.05,1829.39,2426.65,1515.0,10392,19011045.8,3657,YASHO
2024-12-16,EQ,1851.0,2148.0,1851.0,1810.05,2092.0,2089.55,2087.77,2426.65,1515.0,242460,506201405.05,23781,YASHO
2024-12-17,EQ,2015.0,2150.0,2015.0,2089.55,2090.05,2086.15,2103.15,2426.65,1515.0,60393,127015263.0,7586,YASHO
2024-12-18,EQ,2086.15,2117.85,2046.1,2086.15,2050.0,2054.05,2063.94,2426.65,1515.0,32221,66502253.5,2632,YASHO
2024-12-19,EQ,2074.6,2225.95,2050.0,2054.05,2160.0,2151.2,2140.55,2426.65,1515.0,128932,275984972.9,13865,YASHO
2024-12-20,EQ,2165.2,2165.2,2050.0,2151.2,2055.0,2053.75,2083.64,2426.65,1515.0,15380,32046353.05,2587,YASHO
2024-12-23,EQ,2084.6,2096.3,2036.15,2053.75,2036.4,2045.55,2054.38,2426.65,1515.0,14158,29085949.85,1636,YASHO
2024-12-24,EQ,2045.5,2068.4,2001.05,2045.55,2012.3,2023.2,2029.98,2426.65,1515.0,9936,20169875.5,1319,YASHO
2024-12-26,EQ,2026.4,2054.7,2000.0,2023.2,2025.0,2014.65,2025.11,2426.65,1515.0,7640,15471829.8,1180,YASHO
2024-12-27,EQ,2011.2,2036.0,1999.05,2014.65,2015.0,2015.3,2016.07,2426.65,1515.0,7994,16116471.25,1199,YASHO
2024-12-30,EQ,1999.15,2065.9,1975.05,2015.3,2022.0,2006.35,2008.14,2426.65,1515.0,10383,20850480.25,1636,YASHO
2024-12-31,EQ,2040.0,2040.0,1950.0,2006.35,1980.0,1965.6,1972.51,2426.65,1515.0,8573,16910294.6,1697,YASHO
2025-01-01,EQ,1962.8,2020.0,1962.8,1965.6,2018.0,1993.3,1993.46,2426.65,1515.0,4091,8155257.25,818,YASHO
2025-01-02,EQ,2023.85,2149.0,1971.5,1993.3,2120.0,2113.85,2031.36,2426.65,1515.0,45648,92727453.1,1810,YASHO
2025-01-03,EQ,2081.0,2132.0,2079.45,2113.85,2132.0,2120.6,2109.26,2426.65,1515.0,6658,14043438.9,1293,YASHO
2025-01-06,EQ,2129.05,2207.5,2072.15,2120.6,2073.0,2080.65,2141.34,2426.65,1515.0,23483,50285107.9,3746,YASHO
2025-01-07,EQ,2100.0,2100.0,2033.3,2080.65,2044.05,2058.0,2062.46,2426.65,1515.0,6277,12946039.9,1390,YASHO
2025-01-08,EQ,2071.2,2158.55,2022.55,2058.0,2045.35,2034.6,2054.97,2426.65,1515.0,9812,20163319.5,1736,YASHO
2025-01-09,EQ,2036.55,2094.95,1997.55,2034.6,2000.2,2011.6,2033.51,2426.65,1515.0,7856,15975293.3,1620,YASHO
2025-01-10,EQ,2006.85,2048.15,1950.05,2011.6,2000.0,2000.95,1985.91,2426.65,1515.0,8277,16437416.65,1871,YASHO
2025-01-13,EQ,2000.95,2021.95,1958.75,2000.95,2000.0,2000.9,1985.1,2426.65,1515.0,19133,37980884.65,2648,YASHO
2025-01-14,EQ,1990.3,2060.0,1960.85,2000.9,2001.55,2017.85,2015.93,2426.65,1515.0,9359,18867121.6,1200,YASHO
2025-01-15,EQ,2031.9,2032.0,1995.15,2017.85,2001.0,2000.4,2006.53,2426.65,1515.0,2681,5379508.7,593,YASHO
2025-01-16,EQ,2002.0,2050.0,1997.55,2000.4,2050.0,2020.3,2009.18,2426.65,1515.0,4367,8774107.7,785,YASHO
2025-01-17,EQ,2044.95,2049.95,1990.05,2020.3,2017.8,1998.55,2020.16,2426.65,1515.0,12163,24571218.65,805,YASHO
2025-01-20,EQ,1990.0,2017.4,1990.0,1998.55,2000.0,2004.0,2003.98,2426.65,1515.0,2157,4322577.8,676,YASHO
2025-01-21,EQ,2006.35,2150.0,2000.0,2004.0,2107.0,2127.55,2087.64,2426.65,1515.0,25016,52224416.25,4242,YASHO
2025-01-22,EQ,2095.65,2100.0,2000.0,2127.55,2070.0,2054.05,2036.39,2426.65,1515.0,11857,24145471.75,2550,YASHO
2025-01-23,EQ,2054.05,2120.25,2000.0,2054.05,2100.4,2099.7,2081.23,2426.65,1515.0,5511,11469685.4,1476,YASHO
2025-01-24,EQ,2078.75,2086.35,1940.0,2099.7,1979.8,1962.3,2001.31,2426.65,1515.0,10102,20217213.15,2219,YASHO
2025-01-27,EQ,1942.65,1962.25,1840.0,1962.3,1876.0,1856.2,1877.74,2426.65,1515.0,16671,31303818.45,2616,YASHO
2025-01-28,EQ,1830.0,1870.45,1703.75,1856.2,1801.0,1804.15,1772.04,2426.65,1515.0,22660,40154487.75,3660,YASHO
2025-01-29,EQ,1754.1,2005.0,1754.1,1804.15,1990.0,1983.7,1947.66,2426.65,1515.0,24642,47994278.05,4293,YASHO
2025-01-30,EQ,1966.0,2002.55,1915.0,1983.7,1915.0,1926.45,1969.88,2426.65,1515.0,4724,9305690.1,1253,YASHO
2025-01-31,EQ,1915.05,1940.1,1876.95,1926.45,1929.6,1909.25,1902.19,2426.65,1515.0,6423,12217789.1,1137,YASHO
2025-02-01,EQ,1950.0,1950.0,1864.05,1909.25,1920.0,1898.4,1901.1,2426.65,1515.0,4294,8163336.15,954,YASHO
2025-02-03,EQ,1885.65,2138.5,1884.75,1898.4,2085.0,1977.85,1967.92,2426.65,1515.0,14433,28403029.35,1193,YASHO
2025-02-04,EQ,2007.5,2066.35,1974.9,1977.85,2050.0,2023.05,2008.65,2426.65,1515.0,7718,15502756.7,1490,YASHO
2025-02-05,EQ,1985.0,2343.85,1982.55,2023.05,2300.2,2273.55,2220.01,2426.65,1515.0,45840,101765423.2,5349,YASHO
2025-02-06,EQ,2255.0,2331.0,2103.35,2273.55,2255.0,2254.55,2227.11,2426.65,1515.0,35017,77986793.35,7365,YASHO
2025-02-07,EQ,2226.3,2240.0,2137.55,2254.55,2176.0,2158.55,2176.58,2426.65,1515.0,19717,42915565.1,2236,YASHO
2025-02-10,EQ,2180.05,2198.0,2075.05,2158.55,2102.1,2101.9,2120.19,2426.65,1515.0,13554,28736994.2,1775,YASHO
2025-02-11,EQ,2098.65,2098.65,1945.5,2101.9,2020.0,2014.5,1993.11,2426.65,1515.0,15837,31564881.2,2034,YASHO
2025-02-12,EQ,1826.0,1930.0,1700.0,2014.5,1901.05,1914.5,1868.33,2426.65,1515.0,44864,83820964.8,6446,YASHO
2025-02-13,EQ,1905.0,2055.0,1820.15,1914.5,2050.0,2015.55,1965.01,2426.65,1515.0,29332,57637606.2,5419,YASHO
2025-02-14,EQ,1955.0,2000.0,1905.2,2015.55,1916.9,1918.7,1952.22,2426.65,1515.0,15081,29441389.1,2158,YASHO
2025-02-17,EQ,1899.55,1899.55,1844.0,1918.7,1855.0,1857.2,1857.96,2426.65,1515.0,6760,12559802.6,1118,YASHO
2025-02-18,EQ,1836.0,1848.05,1760.1,1857.2,1800.0,1780.6,1791.32,2426.65,1515.0,11786,21112490.55,2546,YASHO
2025-02-19,EQ,1770.0,1860.0,1752.7,1780.6,1852.0,1827.95,1813.19,2426.65,1515.0,12001,21760106.85,2004,YASHO
2025-02-20,EQ,1801.7,1810.0,1772.35,1827.95,1780.05,1783.75,1788.01,2426.65,1515.0,7367,13172284.75,2058,YASHO
2025-02-21,EQ,1783.75,1826.0,1783.75,1783.75,1795.4,1796.8,1801.88,2426.65,1515.0,6017,10841882.25,1068,YASHO
2025-02-24,EQ,1786.0,1800.05,1760.0,1796.8,1760.0,1764.5,1775.35,2426.65,1515.0,3813,6769417.65,941,YASHO
2025-02-25,EQ,1760.2,1790.0,1705.0,1764.5,1725.0,1714.85,1733.75,2426.65,1515.0,7353,12748235.5,1395,YASHO
2025-02-27,EQ,1739.95,1811.4,1702.0,1714.85,1760.1,1758.65,1760.04,2426.65,1515.0,11424,20106718.55,2022,YASHO
2025-02-28,EQ,1730.05,1785.25,1708.0,1758.65,1785.0,1745.65,1749.7,2426.65,1515.0,9506,16632658.95,1611,YASHO
2025-03-03,EQ,1744.0,1771.95,1622.5,1745.65,1753.0,1745.15,1684.37,2343.85,1515.0,17868,30096256.75,2911,YASHO
2025-03-04,EQ,1750.0,1764.4,1709.5,1745.15,1720.1,1725.3,1736.57,2343.85,1515.0,6177,10726802.7,1170,YASHO
2025-03-05,EQ,1725.3,1790.0,1718.05,1725.3,1760.15,1775.75,1758.52,2343.85,1515.0,4209,7401594.7,978,YASHO
2025-03-06,EQ,1780.05,1822.0,1776.05,1775.75,1811.0,1804.3,1801.16,2343.85,1515.0,6425,11572439.75,1274,YASHO
2025-03-07,EQ,1813.25,1886.75,1793.0,1804.3,1840.0,1855.5,1842.07,2343.85,1515.0,4591,8456935.8,1058,YASHO
2025-03-10,EQ,1855.5,1874.0,1760.0,1855.5,1761.5,1775.9,1804.04,2343.85,1515.0,3198,5769308.6,812,YASHO
2025-03-11,EQ,1778.0,1798.0,1721.6,1775.9,1746.1,1753.65,1744.82,2343.85,1515.0,6649,11601289.85,1336,YASHO
2025-03-12,EQ,1771.2,1796.35,1740.0,1753.65,1750.0,1754.8,1767.76,2343.85,1515.0,4227,7472317.35,958,YASHO
2025-03-13,EQ,1762.7,1770.25,1740.0,1754.8,1754.0,1752.45,1756.46,2343.85,1515.0,2682,4710813.5,723,YASHO
2025-03-17,EQ,1752.45,1753.2,1708.05,1752.45,1724.0,1722.9,1733.9,2343.85,1592.35,3994,6925192.7,848,YASHO
2025-03-18,EQ,1723.0,1810.5,1708.05,1722.9,1773.05,1796.55,1773.47,2343.85,1592.35,7699,13653976.9,1414,YASHO
2025-03-19,EQ,1778.65,1880.1,1765.0,1796.55,1880.1,1862.85,1852.56,2343.85,1592.35,7983,14788999.75,929,YASHO
2025-03-20,EQ,1881.5,1885.5,1777.65,1862.85,1790.0,1784.75,1818.62,2343.85,1592.35,5132,9333143.75,1473,YASHO
2025-03-21,EQ,1792.5,1813.7,1720.05,1784.75,1749.75,1731.05,1765.67,2343.85,1592.35,22392,39536784.95,3486,YASHO
2025-03-24,EQ,1747.6,1830.0,1747.6,1731.05,1817.25,1810.55,1798.74,2343.85,1605.0,21312,38334668.05,4477,YASHO
2025-03-25,EQ,1837.7,1837.7,1730.0,1810.55,1734.0,1736.35,1757.35,2343.85,1605.0,19428,34141786.5,4349,YASHO
2025-03-26,EQ,1745.0,1762.0,1720.0,1736.35,1755.0,1734.2,1740.45,2343.85,1605.0,5425,9441941.1,1234,YASHO
2025-03-27,EQ,1727.05,1771.0,1726.9,1734.2,1740.5,1742.05,1749.61,2343.85,1605.0,5796,10140712.5,1574,YASHO
2025-03-28,EQ,1742.05,1786.8,1704.1,1742.05,1725.0,1719.55,1734.58,2343.85,1605.0,9338,16197518.3,1289,YASHO
2025-04-01,EQ,1719.55,1759.9,1710.0,1719.55,1754.0,1747.55,1728.59,2343.85,1605.0,6845,11832202.55,1061,YASHO
2025-04-02,EQ,1753.95,1753.95,1727.0,1747.55,1750.0,1746.05,1743.24,2343.85,1605.0,2812,4901989.3,615,YASHO
2025-04-03,EQ,1746.0,1755.05,1710.05,1746.05,1731.0,1729.1,1726.72,2343.85,1605.0,7568,13067853.45,1508,YASHO
2025-04-04,EQ,1735.0,1757.9,1702.3,1729.1,1728.0,1716.05,1720.48,2343.85,1605.0,4480,7707735.25,838,YASHO
2025-04-07,EQ,1709.95,1709.95,1615.0,1716.05,1644.0,1644.8,1641.8,2343.85,1605.0,13402,22003375.8,2463,YASHO
2025-04-08,EQ,1669.45,1699.0,1640.0,1644.8,1640.8,1645.55,1656.72,2343.85,1605.0,6144,10178893.05,1207,YASHO
2025-04-09,EQ,1640.0,1667.9,1614.0,1645.55,1640.2,1645.4,1629.27,2343.85,1605.0,4887,7962247.3,1133,YASHO
2025-04-11,EQ,1679.9,1715.45,1650.0,1645.4,1693.2,1693.2,1691.34,2343.85,1605.0,5471,9253334.4,952,YASHO
2025-04-15,EQ,1708.4,1749.0,1703.1,1693.2,1715.0,1723.4,1719.94,2343.85,1605.0,4042,6951989.2,974,YASHO
2025-04-16,EQ,1724.0,1770.0,1718.2,1723.4,1736.0,1743.2,1742.28,2343.85,1605.0,5018,8742744.5,1154,YASHO
2025-04-17,EQ,1733.5,1769.0,1729.0,1743.2,1751.0,1760.8,1756.56,2343.85,1605.0,3464,6084735.0,845,YASHO
2025-04-21,EQ,1741.0,1817.4,1741.0,1760.8,1754.7,1758.4,1775.78,2343.85,1605.0,12375,21975337.4,2547,YASHO
2025-04-22,EQ,1745.2,1804.5,1740.8,1758.4,1778.0,1776.0,1777.51,2343.85,1605.0,7049,12529691.0,1552,YASHO
2025-04-23,EQ,1799.0,1807.9,1766.1,1776.0,1779.0,1779.2,1783.85,2343.85,1605.0,4862,8673102.7,1514,YASHO
2025-04-24,EQ,1770.0,1778.4,1719.9,1779.2,1725.0,1725.3,1729.35,2343.85,1605.0,13660,23622912.9,2166,YASHO
2025-04-25,EQ,1725.3,1725.3,1658.2,1725.3,1670.0,1681.6,1680.45,2343.85,1605.0,9976,16764208.1,2462,YASHO
2025-04-28,EQ,1698.4,1718.9,1651.1,1681.6,1663.9,1664.2,1673.44,2343.85,1605.0,8880,14860178.8,2085,YASHO
2025-04-29,EQ,1689.0,1689.0,1649.0,1664.2,1650.4,1652.6,1662.97,2343.85,1605.0,9532,15851429.8,1982,YASHO
2025-04-30,EQ,1665.0,1735.0,1626.3,1652.6,1675.0,1681.9,1689.64,2343.85,1605.0,14892,25162137.1,3926,YASHO
2025-05-02,EQ,1700.0,1760.0,1636.0,1681.9,1725.0,1686.6,1708.39,2343.85,1605.0,30960,52891627.3,5821,YASHO
2025-05-05,EQ,1696.1,1790.0,1696.1,1686.6,1734.0,1731.4,1730.41,2343.85,1605.0,14237,24635891.9,3283,YASHO
2025-05-06,EQ,1728.9,1744.8,1712.1,1731.4,1730.5,1730.6,1730.87,2343.85,1605.0,7786,13476555.7,1418,YASHO
2025-05-07,EQ,1730.9,1751.9,1730.0,1730.6,1733.0,1731.0,1734.38,2343.85,1605.0,6936,12029667.9,1158,YASHO
2025-05-08,EQ,1744.2,1772.4,1744.2,1731.0,1755.1,1753.6,1758.11,2343.85,1605.0,13501,23736192.7,3517,YASHO
2025-05-09,EQ,1735.0,1785.0,1735.0,1753.6,1765.0,1772.0,1750.56,2343.85,1605.0,12224,21398819.8,1894,YASHO
2025-05-12,EQ,1795.0,1837.3,1748.6,1772.0,1780.0,1785.5,1783.9,2343.85,1605.0,14641,26118022.1,3413,YASHO
2025-05-13,EQ,1812.3,1818.4,1783.5,1785.5,1813.3,1812.3,1801.44,2343.85,1605.0,7022,12649679.0,1998,YASHO
2025-05-14,EQ,1805.5,1810.2,1775.0,1812.3,1775.6,1794.1,1789.49,2343.85,1605.0,9590,17161233.2,2487,YASHO
2025-05-15,EQ,1799.0,1809.8,1763.5,1794.1,1766.0,1769.2,1785.37,2343.85,1605.0,16304,29108684.7,3151,YASHO
2025-05-16,EQ,1795.7,1795.7,1710.9,1769.2,1749.7,1735.6,1753.64,2343.85,1605.0,18544,32519414.4,3424,YASHO
2025-05-19,EQ,1730.0,1761.4,1710.0,1735.6,1744.6,1747.4,1742.26,2343.85,1605.0,30290,52773149.7,6995,YASHO
2025-05-20,EQ,1731.1,1765.0,1715.0,1747.4,1735.0,1721.0,1741.86,2343.85,1605.0,12933,22527436.2,3018,YASHO
2025-05-21,EQ,1721.0,1760.1,1711.4,1721.0,1760.0,1753.9,1748.9,2343.85,1605.0,11792,20623006.9,2472,YASHO
2025-05-22,EQ,1736.4,1886.4,1736.4,1753.9,1835.0,1842.7,1836.1,2343.85,1605.0,31966,58692733.4,5826,YASHO
2025-05-23,EQ,1833.5,1866.8,1830.0,1842.7,1861.0,1860.2,1850.16,2343.85,1605.0,6768,12521886.6,2093,YASHO
2025-05-26,EQ,1878.7,1944.5,1878.0,1860.2,1899.0,1887.2,1905.5,2343.85,1605.0,15137,28843575.0,4615,YASHO
2025-05-27,EQ,1894.7,1970.0,1886.1,1887.2,1950.0,1959.3,1944.09,2343.85,1605.0,14394,27983286.3,4222,YASHO
2025-05-28,EQ,1959.3,2035.0,1947.5,1959.3,2034.2,2019.3,1993.29,2343.85,1605.0,20279,40421997.1,5343,YASHO
2025-05-29,EQ,2035.0,2066.8,1998.9,2019.3,2012.9,2006.5,2020.87,2343.85,1605.0,9899,20004626.5,2440,YASHO
2025-05-30,EQ,1986.4,2014.2,1952.8,2006.5,1970.0,1970.0,1978.32,2343.85,1605.0,7012,13872002.7,2134,YASHO
2025-06-02,EQ,1989.7,2159.0,1964.5,1970.0,2095.2,2093.6,2090.21,2343.85,1605.0,41145,86001494.9,9761,YASHO
2025-06-03,EQ,2093.6,2140.2,2036.5,2093.6,2057.0,2074.7,2103.05,2343.85,1605.0,19846,41737145.8,4744,YASHO
2025-06-04,EQ,2081.9,2094.8,2036.1,2074.7,2074.0,2074.0,2064.9,2343.85,1605.0,8853,18280568.7,2193,YASHO
2025-06-05,EQ,2073.9,2075.2,2038.5,2074.0,2046.0,2043.6,2051.7,2343.85,1605.0,5095,10453436.9,1735,YASHO
2025-06-06,EQ,2053.8,2172.0,2007.4,2043.6,2050.6,2044.8,2094.18,2343.85,1605.0,24168,50612087.6,4030,YASHO
2025-06-09,EQ,2025.2,2086.4,2025.2,2044.8,2065.0,2064.3,2062.01,2343.85,1614.0,4866,10033756.9,1621,YASHO
2025-06-10,EQ,2095.3,2095.3,2044.7,2064.3,2054.0,2053.5,2059.93,2343.85,1614.0,3432,7069667.4,1068,YASHO
2025-06-11,EQ,2049.0,2069.5,1976.0,2053.5,2034.9,2018.6,2020.75,2343.85,1614.0,6310,12750914.6,1786,YASHO
2025-06-12,EQ,2034.5,2038.7,1962.0,2018.6,1990.0,1989.2,1997.83,2343.85,1614.0,5191,10370732.8,1414,YASHO
2025-06-13,EQ,1980.0,2038.4,1875.0,1989.2,1965.0,1975.4,1983.91,2343.85,1614.0,8077,16024018.6,3080,YASHO
